Area_name,,Average household size 2010
UNITED STATES,,2.58
ALABAMA,,2.48
Autauga, AL,2.68
Baldwin, AL,2.46
Barbour, AL,2.47
Bibb, AL,2.6
Blount, AL,2.63
Bullock, AL,2.46
Butler, AL,2.43
Calhoun, AL,2.44
Chambers, AL,2.42
Cherokee, AL,2.42
Chilton, AL,2.61
Choctaw, AL,2.34
Clarke, AL,2.47
Clay, AL,2.41
Cleburne, AL,2.51
Coffee, AL,2.49
Colbert, AL,2.37
Conecuh, AL,2.34
Coosa, AL,2.38
Covington, AL,2.39
Crenshaw, AL,2.44
Cullman, AL,2.49
Dale, AL,2.46
Dallas, AL,2.52
DeKalb, AL,2.62
Elmore, AL,2.61
Escambia, AL,2.48
Etowah, AL,2.43
Fayette, AL,2.39
Franklin, AL,2.56
Geneva, AL,2.43
Greene, AL,2.39
Hale, AL,2.46
Henry, AL,2.45
Houston, AL,2.44
Jackson, AL,2.45
Jefferson, AL,2.44
Lamar, AL,2.35
Lauderdale, AL,2.35
Lawrence, AL,2.5
Lee, AL,2.44
Limestone, AL,2.54
Lowndes, AL,2.57
Macon, AL,2.32
Madison, AL,2.43
Marengo, AL,2.43
Marion, AL,2.36
Marshall, AL,2.57
Mobile, AL,2.56
Monroe, AL,2.48
Montgomery, AL,2.45
Morgan, AL,2.5
Perry, AL,2.5
Pickens, AL,2.42
Pike, AL,2.34
Randolph, AL,2.46
Russell, AL,2.47
St. Clair, AL,2.58
Shelby, AL,2.6
Sumter, AL,2.32
Talladega, AL,2.48
Tallapoosa, AL,2.42
Tuscaloosa, AL,2.42
Walker, AL,2.49
Washington, AL,2.58
Wilcox, AL,2.58
Winston, AL,2.38
ALASKA,,2.65
Aleutians East, AK,2.56
Aleutians West, AK,2.49
Anchorage, AK,2.64
Bethel, AK,3.59
Bristol Bay, AK,2.32
Denali, AK,2.22
Dillingham, AK,3.07
Fairbanks North Star, AK,2.56
Haines, AK,2.18
Hoonah-Angoon, AK,2.35
Juneau, AK,2.49
Kenai Peninsula, AK,2.42
Ketchikan Gateway, AK,2.49
Kodiak Island, AK,2.86
Lake and Peninsula, AK,2.88
Matanuska-Susitna, AK,2.75
Nome, AK,3.29
North Slope, AK,3.34
Northwest Arctic, AK,3.72
Petersburg, AK,2.36
Prince of Wales-Hyder, AK,2.51
Sitka, AK,2.43
Skagway, AK,2.15
Southeast Fairbanks, AK,2.59
Valdez-Cordova, AK,2.38
Wade Hampton, AK,4.27
Wrangell, AK,2.23
Yakutat, AK,2.39
Yukon-Koyukuk, AK,2.51
ARIZONA,,2.63
Apache, AZ,3.1
Cochise, AZ,2.46
Coconino, AZ,2.69
Gila, AZ,2.39
Graham, AZ,3.01
Greenlee, AZ,2.64
La Paz, AZ,2.19
Maricopa, AZ,2.67
Mohave, AZ,2.39
Navajo, AZ,2.95
Pima, AZ,2.46
Pinal, AZ,2.78
Santa Cruz, AZ,3.05
Yavapai, AZ,2.28
Yuma, AZ,2.93
ARKANSAS,,2.47
Arkansas, AR,2.35
Ashley, AR,2.47
Baxter, AR,2.18
Benton, AR,2.67
Boone, AR,2.41
Bradley, AR,2.42
Calhoun, AR,2.3
Carroll, AR,2.39
Chicot, AR,2.42
Clark, AR,2.32
Clay, AR,2.33
Cleburne, AR,2.31
Cleveland, AR,2.53
Columbia, AR,2.38
Conway, AR,2.48
Craighead, AR,2.49
Crawford, AR,2.62
Crittenden, AR,2.64
Cross, AR,2.52
Dallas, AR,2.35
Desha, AR,2.43
Drew, AR,2.41
Faulkner, AR,2.56
Franklin, AR,2.51
Fulton, AR,2.32
Garland, AR,2.29
Grant, AR,2.55
Greene, AR,2.53
Hempstead, AR,2.52
Hot Spring, AR,2.48
Howard, AR,2.54
Independence, AR,2.48
Izard, AR,2.26
Jackson, AR,2.38
Jefferson, AR,2.49
Johnson, AR,2.55
Lafayette, AR,2.39
Lawrence, AR,2.42
Lee, AR,2.39
Lincoln, AR,2.54
Little River, AR,2.41
Logan, AR,2.5
Lonoke, AR,2.68
Madison, AR,2.53
Marion, AR,2.23
Miller, AR,2.44
Mississippi, AR,2.58
Monroe, AR,2.32
Montgomery, AR,2.34
Nevada, AR,2.39
Newton, AR,2.32
Ouachita, AR,2.34
Perry, AR,2.47
Phillips, AR,2.53
Pike, AR,2.49
Poinsett, AR,2.49
Polk, AR,2.43
Pope, AR,2.5
Prairie, AR,2.33
Pulaski, AR,2.36
Randolph, AR,2.41
St. Francis, AR,2.51
Saline, AR,2.55
Scott, AR,2.55
Searcy, AR,2.27
Sebastian, AR,2.49
Sevier, AR,2.83
Sharp, AR,2.32
Stone, AR,2.3
Union, AR,2.43
Van Buren, AR,2.3
Washington, AR,2.56
White, AR,2.52
Woodruff, AR,2.28
Yell, AR,2.66
CALIFORNIA,,2.9
Alameda, CA,2.7
Alpine, CA,2.32
Amador, CA,2.3
Butte, CA,2.45
Calaveras, CA,2.39
Colusa, CA,3
Contra Costa, CA,2.77
Del Norte, CA,2.5
El Dorado, CA,2.55
Fresno, CA,3.15
Glenn, CA,2.84
Humboldt, CA,2.31
Imperial, CA,3.34
Inyo, CA,2.25
Kern, CA,3.15
Kings, CA,3.19
Lake, CA,2.39
Lassen, CA,2.5
Los Angeles, CA,2.98
Madera, CA,3.28
Marin, CA,2.36
Mariposa, CA,2.28
Mendocino, CA,2.46
Merced, CA,3.32
Modoc, CA,2.3
Mono, CA,2.42
Monterey, CA,3.15
Napa, CA,2.69
Nevada, CA,2.35
Orange, CA,2.99
Placer, CA,2.6
Plumas, CA,2.2
Riverside, CA,3.14
Sacramento, CA,2.71
San Benito, CA,3.27
San Bernardino, CA,3.26
San Diego, CA,2.75
San Francisco, CA,2.26
San Joaquin, CA,3.12
San Luis Obispo, CA,2.48
San Mateo, CA,2.75
Santa Barbara, CA,2.86
Santa Clara, CA,2.9
Santa Cruz, CA,2.66
Shasta, CA,2.48
Sierra, CA,2.16
Siskiyou, CA,2.28
Solano, CA,2.83
Sonoma, CA,2.55
Stanislaus, CA,3.08
Sutter, CA,2.98
Tehama, CA,2.63
Trinity, CA,2.2
Tulare, CA,3.36
Tuolumne, CA,2.3
Ventura, CA,3.04
Yolo, CA,2.74
Yuba, CA,2.92
COLORADO,,2.49
Adams, CO,2.85
Alamosa, CO,2.45
Arapahoe, CO,2.53
Archuleta, CO,2.27
Baca, CO,2.2
Bent, CO,2.34
Boulder, CO,2.39
Broomfield, CO,2.6
Chaffee, CO,2.15
Cheyenne, CO,2.28
Clear Creek, CO,2.14
Conejos, CO,2.64
Costilla, CO,2.27
Crowley, CO,2.41
Custer, CO,2.13
Delta, CO,2.38
Denver, CO,2.22
Dolores, CO,2.3
Douglas, CO,2.79
Eagle, CO,2.71
Elbert, CO,2.75
El Paso, CO,2.56
Fremont, CO,2.3
Garfield, CO,2.73
Gilpin, CO,2.19
Grand, CO,2.26
Gunnison, CO,2.22
Hinsdale, CO,2.17
Huerfano, CO,2.09
Jackson, CO,2.14
Jefferson, CO,2.42
Kiowa, CO,2.24
Kit Carson, CO,2.37
Lake, CO,2.43
La Plata, CO,2.35
Larimer, CO,2.42
Las Animas, CO,2.29
Lincoln, CO,2.28
Logan, CO,2.34
Mesa, CO,2.46
Mineral, CO,2.01
Moffat, CO,2.51
Montezuma, CO,2.4
Montrose, CO,2.47
Morgan, CO,2.68
Otero, CO,2.38
Ouray, CO,2.19
Park, CO,2.25
Phillips, CO,2.41
Pitkin, CO,2.09
Prowers, CO,2.48
Pueblo, CO,2.46
Rio Blanco, CO,2.43
Rio Grande, CO,2.47
Routt, CO,2.34
Saguache, CO,2.31
San Juan, CO,2.03
San Miguel, CO,2.13
Sedgwick, CO,2.14
Summit, CO,2.36
Teller, CO,2.37
Washington, CO,2.34
Weld, CO,2.76
Yuma, CO,2.49
CONNECTICUT,,2.52
Fairfield, CT,2.68
Hartford, CT,2.47
Litchfield, CT,2.44
Middlesex, CT,2.39
New Haven, CT,2.49
New London, CT,2.44
Tolland, CT,2.51
Windham, CT,2.54
DELAWARE,,2.55
Kent, DE,2.62
New Castle, DE,2.57
Sussex, DE,2.45
DISTRICT OF COLUMBIA,,2.11
District of Columbia,,2.11
FLORIDA,,2.48
Alachua, FL,2.32
Baker, FL,2.82
Bay, FL,2.41
Bradford, FL,2.53
Brevard, FL,2.33
Broward, FL,2.52
Calhoun, FL,2.52
Charlotte, FL,2.14
Citrus, FL,2.2
Clay, FL,2.76
Collier, FL,2.38
Columbia, FL,2.52
DeSoto, FL,2.71
Dixie, FL,2.37
Duval, FL,2.47
Escambia, FL,2.41
Flagler, FL,2.42
Franklin, FL,2.29
Gadsden, FL,2.61
Gilchrist, FL,2.58
Glades, FL,2.52
Gulf, FL,2.33
Hamilton, FL,2.54
Hardee, FL,3.12
Hendry, FL,3.09
Hernando, FL,2.38
Highlands, FL,2.28
Hillsborough, FL,2.55
Holmes, FL,2.47
Indian River, FL,2.26
Jackson, FL,2.4
Jefferson, FL,2.38
Lafayette, FL,2.63
Lake, FL,2.42
Lee, FL,2.35
Leon, FL,2.35
Levy, FL,2.45
Liberty, FL,2.57
Madison, FL,2.48
Manatee, FL,2.34
Marion, FL,2.35
Martin, FL,2.23
Miami-Dade, FL,2.83
Monroe, FL,2.18
Nassau, FL,2.53
Okaloosa, FL,2.43
Okeechobee, FL,2.68
Orange, FL,2.64
Osceola, FL,2.93
Palm Beach, FL,2.39
Pasco, FL,2.42
Pinellas, FL,2.16
Polk, FL,2.59
Putnam, FL,2.48
St. Johns, FL,2.49
St. Lucie, FL,2.53
Santa Rosa, FL,2.59
Sarasota, FL,2.13
Seminole, FL,2.55
Sumter, FL,2.04
Suwannee, FL,2.52
Taylor, FL,2.44
Union, FL,2.66
Volusia, FL,2.31
Wakulla, FL,2.61
Walton, FL,2.38
Washington, FL,2.5
GEORGIA,,2.63
Appling, GA,2.56
Atkinson, GA,2.8
Bacon, GA,2.56
Baker, GA,2.52
Baldwin, GA,2.45
Banks, GA,2.75
Barrow, GA,2.88
Bartow, GA,2.77
Ben Hill, GA,2.55
Berrien, GA,2.57
Bibb, GA,2.48
Bleckley, GA,2.49
Brantley, GA,2.66
Brooks, GA,2.52
Bryan, GA,2.81
Bulloch, GA,2.56
Burke, GA,2.7
Butts, GA,2.7
Calhoun, GA,2.49
Camden, GA,2.69
Candler, GA,2.65
Carroll, GA,2.73
Catoosa, GA,2.59
Charlton, GA,2.64
Chatham, GA,2.45
Chattahoochee, GA,2.98
Chattooga, GA,2.52
Cherokee, GA,2.8
Clarke, GA,2.37
Clay, GA,2.35
Clayton, GA,2.82
Clinch, GA,2.58
Cobb, GA,2.61
Coffee, GA,2.68
Colquitt, GA,2.73
Columbia, GA,2.75
Cook, GA,2.69
Coweta, GA,2.77
Crawford, GA,2.59
Crisp, GA,2.53
Dade, GA,2.49
Dawson, GA,2.61
Decatur, GA,2.58
DeKalb, GA,2.5
Dodge, GA,2.43
Dooly, GA,2.45
Dougherty, GA,2.47
Douglas, GA,2.81
Early, GA,2.56
Echols, GA,3.04
Effingham, GA,2.85
Elbert, GA,2.47
Emanuel, GA,2.57
Evans, GA,2.63
Fannin, GA,2.31
Fayette, GA,2.78
Floyd, GA,2.58
Forsyth, GA,2.94
Franklin, GA,2.51
Fulton, GA,2.36
Gilmer, GA,2.48
Glascock, GA,2.58
Glynn, GA,2.46
Gordon, GA,2.77
Grady, GA,2.63
Greene, GA,2.43
Gwinnett, GA,2.98
Habersham, GA,2.63
Hall, GA,2.91
Hancock, GA,2.38
Haralson, GA,2.64
Harris, GA,2.67
Hart, GA,2.43
Heard, GA,2.66
Henry, GA,2.89
Houston, GA,2.61
Irwin, GA,2.54
Jackson, GA,2.8
Jasper, GA,2.74
Jeff Davis, GA,2.63
Jefferson, GA,2.63
Jenkins, GA,2.59
Johnson, GA,2.46
Jones, GA,2.68
Lamar, GA,2.55
Lanier, GA,2.72
Laurens, GA,2.54
Lee, GA,2.83
Liberty, GA,2.75
Lincoln, GA,2.42
Long, GA,2.81
Lowndes, GA,2.59
Lumpkin, GA,2.56
McDuffie, GA,2.6
McIntosh, GA,2.39
Macon, GA,2.56
Madison, GA,2.66
Marion, GA,2.53
Meriwether, GA,2.55
Miller, GA,2.46
Mitchell, GA,2.65
Monroe, GA,2.61
Montgomery, GA,2.55
Morgan, GA,2.66
Murray, GA,2.8
Muscogee, GA,2.47
Newton, GA,2.85
Oconee, GA,2.81
Oglethorpe, GA,2.61
Paulding, GA,2.94
Peach, GA,2.58
Pickens, GA,2.57
Pierce, GA,2.63
Pike, GA,2.84
Polk, GA,2.72
Pulaski, GA,2.4
Putnam, GA,2.45
Quitman, GA,2.39
Rabun, GA,2.34
Randolph, GA,2.33
Richmond, GA,2.47
Rockdale, GA,2.81
Schley, GA,2.68
Screven, GA,2.53
Seminole, GA,2.46
Spalding, GA,2.67
Stephens, GA,2.49
Stewart, GA,2.35
Sumter, GA,2.55
Talbot, GA,2.42
Taliaferro, GA,2.25
Tattnall, GA,2.52
Taylor, GA,2.44
Telfair, GA,2.41
Terrell, GA,2.57
Thomas, GA,2.5
Tift, GA,2.6
Toombs, GA,2.59
Towns, GA,2.17
Treutlen, GA,2.53
Troup, GA,2.62
Turner, GA,2.56
Twiggs, GA,2.46
Union, GA,2.3
Upson, GA,2.49
Walker, GA,2.54
Walton, GA,2.81
Ware, GA,2.48
Warren, GA,2.48
Washington, GA,2.56
Wayne, GA,2.63
Webster, GA,2.5
Wheeler, GA,2.54
White, GA,2.52
Whitfield, GA,2.89
Wilcox, GA,2.5
Wilkes, GA,2.4
Wilkinson, GA,2.58
Worth, GA,2.62
HAWAII,,2.89
Hawaii, HI,2.7
Honolulu, HI,2.95
Kalawao, HI,1.26
Kauai, HI,2.84
Maui, HI,2.82
IDAHO,,2.66
Ada, ID,2.58
Adams, ID,2.26
Bannock, ID,2.64
Bear Lake, ID,2.61
Benewah, ID,2.4
Bingham, ID,3.02
Blaine, ID,2.39
Boise, ID,2.35
Bonner, ID,2.37
Bonneville, ID,2.81
Boundary, ID,2.47
Butte, ID,2.54
Camas, ID,2.29
Canyon, ID,2.92
Caribou, ID,2.64
Cassia, ID,2.96
Clark, ID,2.84
Clearwater, ID,2.23
Custer, ID,2.25
Elmore, ID,2.6
Franklin, ID,3.11
Fremont, ID,2.88
Gem, ID,2.55
Gooding, ID,2.79
Idaho, ID,2.3
Jefferson, ID,3.2
Jerome, ID,2.95
Kootenai, ID,2.53
Latah, ID,2.32
Lemhi, ID,2.2
Lewis, ID,2.26
Lincoln, ID,3.03
Madison, ID,3.44
Minidoka, ID,2.79
Nez Perce, ID,2.36
Oneida, ID,2.74
Owyhee, ID,2.79
Payette, ID,2.73
Power, ID,2.94
Shoshone, ID,2.25
Teton, ID,2.78
Twin Falls, ID,2.65
Valley, ID,2.23
Washington, ID,2.5
ILLINOIS,,2.59
Adams, IL,2.37
Alexander, IL,2.31
Bond, IL,2.44
Boone, IL,2.91
Brown, IL,2.3
Bureau, IL,2.42
Calhoun, IL,2.4
Carroll, IL,2.29
Cass, IL,2.55
Champaign, IL,2.29
Christian, IL,2.36
Clark, IL,2.38
Clay, IL,2.37
Clinton, IL,2.55
Coles, IL,2.3
Cook, IL,2.6
Crawford, IL,2.36
Cumberland, IL,2.5
DeKalb, IL,2.56
De Witt, IL,2.39
Douglas, IL,2.57
DuPage, IL,2.68
Edgar, IL,2.33
Edwards, IL,2.35
Effingham, IL,2.5
Fayette, IL,2.45
Ford, IL,2.41
Franklin, IL,2.35
Fulton, IL,2.37
Gallatin, IL,2.32
Greene, IL,2.44
Grundy, IL,2.69
Hamilton, IL,2.39
Hancock, IL,2.35
Hardin, IL,2.25
Henderson, IL,2.31
Henry, IL,2.44
Iroquois, IL,2.45
Jackson, IL,2.2
Jasper, IL,2.45
Jefferson, IL,2.38
Jersey, IL,2.51
Jo Daviess, IL,2.31
Johnson, IL,2.41
Kane, IL,2.98
Kankakee, IL,2.61
Kendall, IL,3.01
Knox, IL,2.27
Lake, IL,2.82
LaSalle, IL,2.45
Lawrence, IL,2.34
Lee, IL,2.41
Livingston, IL,2.43
Logan, IL,2.34
McDonough, IL,2.19
McHenry, IL,2.81
McLean, IL,2.44
Macon, IL,2.33
Macoupin, IL,2.42
Madison, IL,2.46
Marion, IL,2.4
Marshall, IL,2.4
Mason, IL,2.38
Massac, IL,2.38
Menard, IL,2.44
Mercer, IL,2.41
Monroe, IL,2.59
Montgomery, IL,2.38
Morgan, IL,2.3
Moultrie, IL,2.51
Ogle, IL,2.54
Peoria, IL,2.39
Perry, IL,2.38
Piatt, IL,2.46
Pike, IL,2.38
Pope, IL,2.23
Pulaski, IL,2.32
Putnam, IL,2.39
Randolph, IL,2.37
Richland, IL,2.36
Rock Island, IL,2.34
St. Clair, IL,2.53
Saline, IL,2.32
Sangamon, IL,2.33
Schuyler, IL,2.33
Scott, IL,2.4
Shelby, IL,2.4
Stark, IL,2.43
Stephenson, IL,2.36
Tazewell, IL,2.45
Union, IL,2.41
Vermilion, IL,2.41
Wabash, IL,2.37
Warren, IL,2.4
Washington, IL,2.44
Wayne, IL,2.35
White, IL,2.26
Whiteside, IL,2.42
Will, IL,2.97
Williamson, IL,2.35
Winnebago, IL,2.52
Woodford, IL,2.64
INDIANA,,2.52
Adams, IN,2.83
Allen, IN,2.53
Bartholomew, IN,2.53
Benton, IN,2.52
Blackford, IN,2.41
Boone, IN,2.65
Brown, IN,2.43
Carroll, IN,2.54
Cass, IN,2.55
Clark, IN,2.46
Clay, IN,2.54
Clinton, IN,2.68
Crawford, IN,2.48
Daviess, IN,2.74
Dearborn, IN,2.64
Decatur, IN,2.54
DeKalb, IN,2.61
Delaware, IN,2.34
Dubois, IN,2.54
Elkhart, IN,2.76
Fayette, IN,2.46
Floyd, IN,2.48
Fountain, IN,2.46
Franklin, IN,2.67
Fulton, IN,2.5
Gibson, IN,2.47
Grant, IN,2.39
Greene, IN,2.44
Hamilton, IN,2.73
Hancock, IN,2.64
Harrison, IN,2.56
Hendricks, IN,2.71
Henry, IN,2.43
Howard, IN,2.38
Huntington, IN,2.52
Jackson, IN,2.53
Jasper, IN,2.66
Jay, IN,2.58
Jefferson, IN,2.42
Jennings, IN,2.64
Johnson, IN,2.63
Knox, IN,2.35
Kosciusko, IN,2.6
LaGrange, IN,3.17
Lake, IN,2.6
LaPorte, IN,2.48
Lawrence, IN,2.42
Madison, IN,2.41
Marion, IN,2.42
Marshall, IN,2.66
Martin, IN,2.43
Miami, IN,2.49
Monroe, IN,2.24
Montgomery, IN,2.47
Morgan, IN,2.65
Newton, IN,2.56
Noble, IN,2.69
Ohio, IN,2.45
Orange, IN,2.49
Owen, IN,2.52
Parke, IN,2.51
Perry, IN,2.38
Pike, IN,2.44
Porter, IN,2.6
Posey, IN,2.52
Pulaski, IN,2.5
Putnam, IN,2.52
Randolph, IN,2.47
Ripley, IN,2.63
Rush, IN,2.54
St. Joseph, IN,2.48
Scott, IN,2.54
Shelby, IN,2.53
Spencer, IN,2.55
Starke, IN,2.58
Steuben, IN,2.47
Sullivan, IN,2.45
Switzerland, IN,2.6
Tippecanoe, IN,2.42
Tipton, IN,2.47
Union, IN,2.54
Vanderburgh, IN,2.31
Vermillion, IN,2.42
Vigo, IN,2.38
Wabash, IN,2.43
Warren, IN,2.52
Warrick, IN,2.62
Washington, IN,2.58
Wayne, IN,2.41
Wells, IN,2.52
White, IN,2.5
Whitley, IN,2.53
IOWA,,2.41
Adair, IA,2.29
Adams, IA,2.28
Allamakee, IA,2.39
Appanoose, IA,2.27
Audubon, IA,2.29
Benton, IA,2.5
Black Hawk, IA,2.38
Boone, IA,2.38
Bremer, IA,2.4
Buchanan, IA,2.53
Buena Vista, IA,2.56
Butler, IA,2.39
Calhoun, IA,2.22
Carroll, IA,2.34
Cass, IA,2.28
Cedar, IA,2.42
Cerro Gordo, IA,2.22
Cherokee, IA,2.25
Chickasaw, IA,2.36
Clarke, IA,2.47
Clay, IA,2.26
Clayton, IA,2.35
Clinton, IA,2.39
Crawford, IA,2.57
Dallas, IA,2.6
Davis, IA,2.7
Decatur, IA,2.42
Delaware, IA,2.48
Des Moines, IA,2.33
Dickinson, IA,2.18
Dubuque, IA,2.43
Emmet, IA,2.3
Fayette, IA,2.33
Floyd, IA,2.32
Franklin, IA,2.42
Fremont, IA,2.38
Greene, IA,2.3
Grundy, IA,2.4
Guthrie, IA,2.37
Hamilton, IA,2.37
Hancock, IA,2.35
Hardin, IA,2.28
Harrison, IA,2.45
Henry, IA,2.43
Howard, IA,2.37
Humboldt, IA,2.3
Ida, IA,2.28
Iowa, IA,2.41
Jackson, IA,2.37
Jasper, IA,2.38
Jefferson, IA,2.21
Johnson, IA,2.33
Jones, IA,2.36
Keokuk, IA,2.35
Kossuth, IA,2.28
Lee, IA,2.35
Linn, IA,2.39
Louisa, IA,2.59
Lucas, IA,2.39
Lyon, IA,2.57
Madison, IA,2.57
Mahaska, IA,2.42
Marion, IA,2.48
Marshall, IA,2.53
Mills, IA,2.58
Mitchell, IA,2.4
Monona, IA,2.23
Monroe, IA,2.44
Montgomery, IA,2.31
Muscatine, IA,2.57
O'Brien, IA,2.31
Osceola, IA,2.37
Page, IA,2.26
Palo Alto, IA,2.27
Plymouth, IA,2.49
Pocahontas, IA,2.22
Polk, IA,2.48
Pottawattamie, IA,2.48
Poweshiek, IA,2.29
Ringgold, IA,2.42
Sac, IA,2.26
Scott, IA,2.42
Shelby, IA,2.35
Sioux, IA,2.7
Story, IA,2.34
Tama, IA,2.5
Taylor, IA,2.32
Union, IA,2.31
Van Buren, IA,2.4
Wapello, IA,2.39
Warren, IA,2.58
Washington, IA,2.45
Wayne, IA,2.38
Webster, IA,2.27
Winnebago, IA,2.26
Winneshiek, IA,2.35
Woodbury, IA,2.55
Worth, IA,2.37
Wright, IA,2.32
KANSAS,,2.49
Allen, KS,2.37
Anderson, KS,2.45
Atchison, KS,2.49
Barber, KS,2.25
Barton, KS,2.39
Bourbon, KS,2.47
Brown, KS,2.41
Butler, KS,2.65
Chase, KS,2.3
Chautauqua, KS,2.23
Cherokee, KS,2.48
Cheyenne, KS,2.12
Clark, KS,2.34
Clay, KS,2.36
Cloud, KS,2.31
Coffey, KS,2.42
Comanche, KS,2.22
Cowley, KS,2.46
Crawford, KS,2.38
Decatur, KS,2.09
Dickinson, KS,2.41
Doniphan, KS,2.4
Douglas, KS,2.34
Edwards, KS,2.31
Elk, KS,2.21
Ellis, KS,2.3
Ellsworth, KS,2.24
Finney, KS,2.93
Ford, KS,2.97
Franklin, KS,2.53
Geary, KS,2.64
Gove, KS,2.29
Graham, KS,2.14
Grant, KS,2.85
Gray, KS,2.75
Greeley, KS,2.33
Greenwood, KS,2.21
Hamilton, KS,2.54
Harper, KS,2.32
Harvey, KS,2.49
Haskell, KS,2.8
Hodgeman, KS,2.37
Jackson, KS,2.55
Jefferson, KS,2.56
Jewell, KS,2.1
Johnson, KS,2.53
Kearny, KS,2.78
Kingman, KS,2.38
Kiowa, KS,2.37
Labette, KS,2.39
Lane, KS,2.19
Leavenworth, KS,2.63
Lincoln, KS,2.24
Linn, KS,2.39
Logan, KS,2.23
Lyon, KS,2.42
McPherson, KS,2.41
Marion, KS,2.39
Marshall, KS,2.31
Meade, KS,2.6
Miami, KS,2.64
Mitchell, KS,2.2
Montgomery, KS,2.39
Morris, KS,2.29
Morton, KS,2.52
Nemaha, KS,2.41
Neosho, KS,2.42
Ness, KS,2.22
Norton, KS,2.24
Osage, KS,2.46
Osborne, KS,2.16
Ottawa, KS,2.44
Pawnee, KS,2.23
Phillips, KS,2.29
Pottawatomie, KS,2.7
Pratt, KS,2.34
Rawlins, KS,2.11
Reno, KS,2.38
Republic, KS,2.14
Rice, KS,2.42
Riley, KS,2.4
Rooks, KS,2.28
Rush, KS,2.14
Russell, KS,2.17
Saline, KS,2.42
Scott, KS,2.44
Sedgwick, KS,2.54
Seward, KS,3.01
Shawnee, KS,2.39
Sheridan, KS,2.3
Sherman, KS,2.27
Smith, KS,2.17
Stafford, KS,2.29
Stanton, KS,2.65
Stevens, KS,2.77
Sumner, KS,2.51
Thomas, KS,2.36
Trego, KS,2.16
Wabaunsee, KS,2.54
Wallace, KS,2.36
Washington, KS,2.3
Wichita, KS,2.48
Wilson, KS,2.36
Woodson, KS,2.15
Wyandotte, KS,2.67
KENTUCKY,,2.45
Adair, KY,2.42
Allen, KY,2.52
Anderson, KY,2.55
Ballard, KY,2.39
Barren, KY,2.44
Bath, KY,2.5
Bell, KY,2.35
Boone, KY,2.73
Bourbon, KY,2.48
Boyd, KY,2.39
Boyle, KY,2.36
Bracken, KY,2.55
Breathitt, KY,2.47
Breckinridge, KY,2.52
Bullitt, KY,2.67
Butler, KY,2.47
Caldwell, KY,2.38
Calloway, KY,2.2
Campbell, KY,2.42
Carlisle, KY,2.38
Carroll, KY,2.58
Carter, KY,2.52
Casey, KY,2.44
Christian, KY,2.62
Clark, KY,2.46
Clay, KY,2.52
Clinton, KY,2.33
Crittenden, KY,2.41
Cumberland, KY,2.35
Daviess, KY,2.44
Edmonson, KY,2.44
Elliott, KY,2.45
Estill, KY,2.43
Fayette, KY,2.3
Fleming, KY,2.5
Floyd, KY,2.41
Franklin, KY,2.29
Fulton, KY,2.22
Gallatin, KY,2.69
Garrard, KY,2.52
Grant, KY,2.81
Graves, KY,2.44
Grayson, KY,2.48
Green, KY,2.42
Greenup, KY,2.48
Hancock, KY,2.58
Hardin, KY,2.57
Harlan, KY,2.43
Harrison, KY,2.53
Hart, KY,2.53
Henderson, KY,2.41
Henry, KY,2.57
Hickman, KY,2.31
Hopkins, KY,2.41
Jackson, KY,2.44
Jefferson, KY,2.35
Jessamine, KY,2.65
Johnson, KY,2.44
Kenton, KY,2.51
Knott, KY,2.44
Knox, KY,2.46
Larue, KY,2.47
Laurel, KY,2.53
Lawrence, KY,2.52
Lee, KY,2.36
Leslie, KY,2.43
Letcher, KY,2.42
Lewis, KY,2.5
Lincoln, KY,2.51
Livingston, KY,2.37
Logan, KY,2.49
Lyon, KY,2.19
McCracken, KY,2.28
McCreary, KY,2.5
McLean, KY,2.47
Madison, KY,2.42
Magoffin, KY,2.49
Marion, KY,2.52
Marshall, KY,2.37
Martin, KY,2.5
Mason, KY,2.45
Meade, KY,2.71
Menifee, KY,2.49
Mercer, KY,2.44
Metcalfe, KY,2.46
Monroe, KY,2.4
Montgomery, KY,2.51
Morgan, KY,2.46
Muhlenberg, KY,2.45
Nelson, KY,2.55
Nicholas, KY,2.51
Ohio, KY,2.56
Oldham, KY,2.87
Owen, KY,2.52
Owsley, KY,2.44
Pendleton, KY,2.67
Perry, KY,2.48
Pike, KY,2.39
Powell, KY,2.57
Pulaski, KY,2.41
Robertson, KY,2.47
Rockcastle, KY,2.48
Rowan, KY,2.36
Russell, KY,2.35
Scott, KY,2.63
Shelby, KY,2.64
Simpson, KY,2.52
Spencer, KY,2.75
Taylor, KY,2.39
Todd, KY,2.64
Trigg, KY,2.42
Trimble, KY,2.56
Union, KY,2.46
Warren, KY,2.46
Washington, KY,2.51
Wayne, KY,2.37
Webster, KY,2.51
Whitley, KY,2.51
Wolfe, KY,2.36
Woodford, KY,2.51
LOUISIANA,,2.55
Acadia, LA,2.66
Allen, LA,2.53
Ascension, LA,2.82
Assumption, LA,2.66
Avoyelles, LA,2.51
Beauregard, LA,2.61
Bienville, LA,2.4
Bossier, LA,2.54
Caddo, LA,2.44
Calcasieu, LA,2.55
Caldwell, LA,2.45
Cameron, LA,2.66
Catahoula, LA,2.49
Claiborne, LA,2.37
Concordia, LA,2.54
De Soto, LA,2.5
East Baton Rouge, LA,2.49
East Carroll, LA,2.62
East Feliciana, LA,2.55
Evangeline, LA,2.54
Franklin, LA,2.53
Grant, LA,2.58
Iberia, LA,2.7
Iberville, LA,2.66
Jackson, LA,2.43
Jefferson, LA,2.53
Jefferson Davis, LA,2.64
Lafayette, LA,2.49
Lafourche, LA,2.67
La Salle, LA,2.5
Lincoln, LA,2.38
Livingston, LA,2.76
Madison, LA,2.61
Morehouse, LA,2.51
Natchitoches, LA,2.39
Orleans, LA,2.33
Ouachita, LA,2.52
Plaquemines, LA,2.82
Pointe Coupee, LA,2.5
Rapides, LA,2.52
Red River, LA,2.57
Richland, LA,2.61
Sabine, LA,2.47
St. Bernard, LA,2.69
St. Charles, LA,2.81
St. Helena, LA,2.56
St. James, LA,2.84
St. John the Baptist, LA,2.85
St. Landry, LA,2.58
St. Martin, LA,2.68
St. Mary, LA,2.63
St. Tammany, LA,2.66
Tangipahoa, LA,2.6
Tensas, LA,2.41
Terrebonne, LA,2.75
Union, LA,2.44
Vermilion, LA,2.63
Vernon, LA,2.61
Washington, LA,2.52
Webster, LA,2.42
West Baton Rouge, LA,2.67
West Carroll, LA,2.51
West Feliciana, LA,2.6
Winn, LA,2.48
MAINE,,2.32
Androscoggin, ME,2.37
Aroostook, ME,2.26
Cumberland, ME,2.32
Franklin, ME,2.28
Hancock, ME,2.2
Kennebec, ME,2.32
Knox, ME,2.22
Lincoln, ME,2.24
Oxford, ME,2.35
Penobscot, ME,2.33
Piscataquis, ME,2.21
Sagadahoc, ME,2.32
Somerset, ME,2.35
Waldo, ME,2.33
Washington, ME,2.24
York, ME,2.4
MARYLAND,,2.61
Allegany, MD,2.3
Anne Arundel, MD,2.63
Baltimore, MD,2.48
Calvert, MD,2.85
Caroline, MD,2.68
Carroll, MD,2.74
Cecil, MD,2.7
Charles, MD,2.83
Dorchester, MD,2.37
Frederick, MD,2.7
Garrett, MD,2.45
Harford, MD,2.68
Howard, MD,2.72
Kent, MD,2.29
Montgomery, MD,2.7
Prince George's, MD,2.78
Queen Anne's, MD,2.63
St. Mary's, MD,2.72
Somerset, MD,2.37
Talbot, MD,2.31
Washington, MD,2.5
Wicomico, MD,2.53
Worcester, MD,2.28
Baltimore city, MD,2.38
MASSACHUSETTS,,2.48
Barnstable, MA,2.21
Berkshire, MA,2.23
Bristol, MA,2.5
Dukes, MA,2.22
Essex, MA,2.54
Franklin, MA,2.29
Hampden, MA,2.49
Hampshire, MA,2.34
Middlesex, MA,2.49
Nantucket, MA,2.39
Norfolk, MA,2.53
Plymouth, MA,2.67
Suffolk, MA,2.3
Worcester, MA,2.55
MICHIGAN,,2.49
Alcona, MI,2.13
Alger, MI,2.2
Allegan, MI,2.63
Alpena, MI,2.27
Antrim, MI,2.36
Arenac, MI,2.34
Baraga, MI,2.28
Barry, MI,2.6
Bay, MI,2.38
Benzie, MI,2.37
Berrien, MI,2.43
Branch, MI,2.56
Calhoun, MI,2.44
Cass, MI,2.51
Charlevoix, MI,2.36
Cheboygan, MI,2.31
Chippewa, MI,2.34
Clare, MI,2.36
Clinton, MI,2.6
Crawford, MI,2.31
Delta, MI,2.28
Dickinson, MI,2.26
Eaton, MI,2.44
Emmet, MI,2.37
Genesee, MI,2.48
Gladwin, MI,2.36
Gogebic, MI,2.11
Grand Traverse, MI,2.39
Gratiot, MI,2.49
Hillsdale, MI,2.53
Houghton, MI,2.38
Huron, MI,2.27
Ingham, MI,2.36
Ionia, MI,2.64
Iosco, MI,2.17
Iron, MI,2.06
Isabella, MI,2.49
Jackson, MI,2.48
Kalamazoo, MI,2.4
Kalkaska, MI,2.44
Kent, MI,2.6
Keweenaw, MI,2.12
Lake, MI,2.16
Lapeer, MI,2.64
Leelanau, MI,2.31
Lenawee, MI,2.52
Livingston, MI,2.67
Luce, MI,2.25
Mackinac, MI,2.19
Macomb, MI,2.51
Manistee, MI,2.27
Marquette, MI,2.26
Mason, MI,2.37
Mecosta, MI,2.45
Menominee, MI,2.26
Midland, MI,2.46
Missaukee, MI,2.51
Monroe, MI,2.59
Montcalm, MI,2.57
Montmorency, MI,2.18
Muskegon, MI,2.53
Newaygo, MI,2.6
Oakland, MI,2.46
Oceana, MI,2.58
Ogemaw, MI,2.31
Ontonagon, MI,2.06
Osceola, MI,2.5
Oscoda, MI,2.27
Otsego, MI,2.44
Ottawa, MI,2.73
Presque Isle, MI,2.2
Roscommon, MI,2.11
Saginaw, MI,2.44
St. Clair, MI,2.52
St. Joseph, MI,2.6
Sanilac, MI,2.48
Schoolcraft, MI,2.22
Shiawassee, MI,2.54
Tuscola, MI,2.52
Van Buren, MI,2.61
Washtenaw, MI,2.38
Wayne, MI,2.56
Wexford, MI,2.48
MINNESOTA,,2.48
Aitkin, MN,2.18
Anoka, MN,2.7
Becker, MN,2.42
Beltrami, MN,2.51
Benton, MN,2.48
Big Stone, MN,2.24
Blue Earth, MN,2.43
Brown, MN,2.3
Carlton, MN,2.47
Carver, MN,2.74
Cass, MN,2.37
Chippewa, MN,2.33
Chisago, MN,2.68
Clay, MN,2.48
Clearwater, MN,2.43
Cook, MN,2.05
Cottonwood, MN,2.36
Crow Wing, MN,2.37
Dakota, MN,2.6
Dodge, MN,2.67
Douglas, MN,2.32
Faribault, MN,2.28
Fillmore, MN,2.4
Freeborn, MN,2.32
Goodhue, MN,2.42
Grant, MN,2.27
Hennepin, MN,2.37
Houston, MN,2.39
Hubbard, MN,2.34
Isanti, MN,2.67
Itasca, MN,2.35
Jackson, MN,2.29
Kanabec, MN,2.49
Kandiyohi, MN,2.46
Kittson, MN,2.24
Koochiching, MN,2.23
Lac qui Parle, MN,2.25
Lake, MN,2.21
Lake of the Woods, MN,2.24
Le Sueur, MN,2.55
Lincoln, MN,2.24
Lyon, MN,2.42
McLeod, MN,2.47
Mahnomen, MN,2.64
Marshall, MN,2.35
Martin, MN,2.27
Meeker, MN,2.5
Mille Lacs, MN,2.52
Morrison, MN,2.5
Mower, MN,2.43
Murray, MN,2.3
Nicollet, MN,2.46
Nobles, MN,2.64
Norman, MN,2.34
Olmsted, MN,2.48
Otter Tail, MN,2.33
Pennington, MN,2.33
Pine, MN,2.46
Pipestone, MN,2.32
Polk, MN,2.38
Pope, MN,2.28
Ramsey, MN,2.42
Red Lake, MN,2.33
Redwood, MN,2.38
Renville, MN,2.34
Rice, MN,2.55
Rock, MN,2.41
Roseau, MN,2.45
St. Louis, MN,2.25
Scott, MN,2.85
Sherburne, MN,2.86
Sibley, MN,2.49
Stearns, MN,2.53
Steele, MN,2.51
Stevens, MN,2.37
Swift, MN,2.27
Todd, MN,2.52
Traverse, MN,2.27
Wabasha, MN,2.43
Wadena, MN,2.34
Waseca, MN,2.44
Washington, MN,2.67
Watonwan, MN,2.45
Wilkin, MN,2.39
Winona, MN,2.4
Wright, MN,2.78
Yellow Medicine, MN,2.36
MISSISSIPPI,,2.58
Adams, MS,2.37
Alcorn, MS,2.44
Amite, MS,2.43
Attala, MS,2.52
Benton, MS,2.54
Bolivar, MS,2.56
Calhoun, MS,2.46
Carroll, MS,2.45
Chickasaw, MS,2.59
Choctaw, MS,2.45
Claiborne, MS,2.53
Clarke, MS,2.48
Clay, MS,2.53
Coahoma, MS,2.69
Copiah, MS,2.65
Covington, MS,2.6
DeSoto, MS,2.78
Forrest, MS,2.48
Franklin, MS,2.51
George, MS,2.76
Greene, MS,2.64
Grenada, MS,2.47
Hancock, MS,2.5
Harrison, MS,2.54
Hinds, MS,2.6
Holmes, MS,2.69
Humphreys, MS,2.75
Issaquena, MS,2.45
Itawamba, MS,2.53
Jackson, MS,2.65
Jasper, MS,2.5
Jefferson, MS,2.5
Jefferson Davis, MS,2.49
Jones, MS,2.61
Kemper, MS,2.49
Lafayette, MS,2.31
Lamar, MS,2.57
Lauderdale, MS,2.46
Lawrence, MS,2.55
Leake, MS,2.65
Lee, MS,2.55
Leflore, MS,2.59
Lincoln, MS,2.57
Lowndes, MS,2.49
Madison, MS,2.61
Marion, MS,2.6
Marshall, MS,2.65
Monroe, MS,2.53
Montgomery, MS,2.44
Neshoba, MS,2.7
Newton, MS,2.57
Noxubee, MS,2.64
Oktibbeha, MS,2.3
Panola, MS,2.68
Pearl River, MS,2.63
Perry, MS,2.6
Pike, MS,2.57
Pontotoc, MS,2.66
Prentiss, MS,2.49
Quitman, MS,2.64
Rankin, MS,2.57
Scott, MS,2.74
Sharkey, MS,2.62
Simpson, MS,2.6
Smith, MS,2.63
Stone, MS,2.68
Sunflower, MS,2.81
Tallahatchie, MS,2.67
Tate, MS,2.75
Tippah, MS,2.55
Tishomingo, MS,2.37
Tunica, MS,2.72
Union, MS,2.6
Walthall, MS,2.6
Warren, MS,2.55
Washington, MS,2.67
Wayne, MS,2.54
Webster, MS,2.51
Wilkinson, MS,2.52
Winston, MS,2.51
Yalobusha, MS,2.42
Yazoo, MS,2.71
MISSOURI,,2.45
Adair, MO,2.3
Andrew, MO,2.55
Atchison, MO,2.24
Audrain, MO,2.44
Barry, MO,2.51
Barton, MO,2.5
Bates, MO,2.48
Benton, MO,2.23
Bollinger, MO,2.52
Boone, MO,2.4
Buchanan, MO,2.45
Butler, MO,2.38
Caldwell, MO,2.51
Callaway, MO,2.48
Camden, MO,2.27
Cape Girardeau, MO,2.41
Carroll, MO,2.38
Carter, MO,2.43
Cass, MO,2.65
Cedar, MO,2.37
Chariton, MO,2.35
Christian, MO,2.64
Clark, MO,2.4
Clay, MO,2.51
Clinton, MO,2.55
Cole, MO,2.39
Cooper, MO,2.45
Crawford, MO,2.48
Dade, MO,2.37
Dallas, MO,2.54
Daviess, MO,2.58
DeKalb, MO,2.43
Dent, MO,2.44
Douglas, MO,2.43
Dunklin, MO,2.44
Franklin, MO,2.57
Gasconade, MO,2.4
Gentry, MO,2.45
Greene, MO,2.31
Grundy, MO,2.36
Harrison, MO,2.4
Henry, MO,2.34
Hickory, MO,2.19
Holt, MO,2.26
Howard, MO,2.37
Howell, MO,2.46
Iron, MO,2.37
Jackson, MO,2.41
Jasper, MO,2.52
Jefferson, MO,2.65
Johnson, MO,2.53
Knox, MO,2.37
Laclede, MO,2.5
Lafayette, MO,2.51
Lawrence, MO,2.56
Lewis, MO,2.43
Lincoln, MO,2.75
Linn, MO,2.38
Livingston, MO,2.36
McDonald, MO,2.73
Macon, MO,2.38
Madison, MO,2.46
Maries, MO,2.46
Marion, MO,2.41
Mercer, MO,2.39
Miller, MO,2.47
Mississippi, MO,2.41
Moniteau, MO,2.58
Monroe, MO,2.39
Montgomery, MO,2.43
Morgan, MO,2.4
New Madrid, MO,2.41
Newton, MO,2.6
Nodaway, MO,2.31
Oregon, MO,2.38
Osage, MO,2.53
Ozark, MO,2.29
Pemiscot, MO,2.46
Perry, MO,2.54
Pettis, MO,2.52
Phelps, MO,2.4
Pike, MO,2.49
Platte, MO,2.45
Polk, MO,2.54
Pulaski, MO,2.64
Putnam, MO,2.31
Ralls, MO,2.47
Randolph, MO,2.46
Ray, MO,2.59
Reynolds, MO,2.37
Ripley, MO,2.49
St. Charles, MO,2.64
St. Clair, MO,2.31
Ste. Genevieve, MO,2.54
St. Francois, MO,2.45
St. Louis, MO,2.42
Saline, MO,2.46
Schuyler, MO,2.44
Scotland, MO,2.54
Scott, MO,2.49
Shannon, MO,2.42
Shelby, MO,2.39
Stoddard, MO,2.39
Stone, MO,2.33
Sullivan, MO,2.41
Taney, MO,2.41
Texas, MO,2.4
Vernon, MO,2.42
Warren, MO,2.61
Washington, MO,2.58
Wayne, MO,2.34
Webster, MO,2.7
Worth, MO,2.24
Wright, MO,2.48
St. Louis city, MO,2.16
MONTANA,,2.35
Beaverhead, MT,2.19
Big Horn, MT,3.18
Blaine, MT,2.66
Broadwater, MT,2.37
Carbon, MT,2.19
Carter, MT,2.16
Cascade, MT,2.33
Chouteau, MT,2.48
Custer, MT,2.24
Daniels, MT,2.14
Dawson, MT,2.26
Deer Lodge, MT,2.11
Fallon, MT,2.32
Fergus, MT,2.18
Flathead, MT,2.4
Gallatin, MT,2.36
Garfield, MT,2.27
Glacier, MT,2.91
Golden Valley, MT,2.19
Granite, MT,2.14
Hill, MT,2.47
Jefferson, MT,2.48
Judith Basin, MT,2.24
Lake, MT,2.46
Lewis and Clark, MT,2.3
Liberty, MT,2.36
Lincoln, MT,2.2
McCone, MT,2.22
Madison, MT,2.11
Meagher, MT,2.13
Mineral, MT,2.2
Missoula, MT,2.3
Musselshell, MT,2.19
Park, MT,2.12
Petroleum, MT,2.2
Phillips, MT,2.27
Pondera, MT,2.41
Powder River, MT,2.26
Powell, MT,2.23
Prairie, MT,2.1
Ravalli, MT,2.35
Richland, MT,2.33
Roosevelt, MT,2.88
Rosebud, MT,2.7
Sanders, MT,2.19
Sheridan, MT,2.08
Silver Bow, MT,2.22
Stillwater, MT,2.37
Sweet Grass, MT,2.27
Teton, MT,2.29
Toole, MT,2.26
Treasure, MT,2.14
Valley, MT,2.26
Wheatland, MT,2.28
Wibaux, MT,2.17
Yellowstone, MT,2.38
Yellowstone National Park, MT,0
NEBRASKA,,2.46
Adams, NE,2.39
Antelope, NE,2.33
Arthur, NE,2.46
Banner, NE,2.35
Blaine, NE,2.44
Boone, NE,2.32
Box Butte, NE,2.35
Boyd, NE,2.2
Brown, NE,2.14
Buffalo, NE,2.43
Burt, NE,2.32
Butler, NE,2.42
Cass, NE,2.57
Cedar, NE,2.46
Chase, NE,2.32
Cherry, NE,2.24
Cheyenne, NE,2.3
Clay, NE,2.43
Colfax, NE,2.88
Cuming, NE,2.4
Custer, NE,2.29
Dakota, NE,2.88
Dawes, NE,2.19
Dawson, NE,2.7
Deuel, NE,2.21
Dixon, NE,2.5
Dodge, NE,2.38
Douglas, NE,2.49
Dundy, NE,2.19
Fillmore, NE,2.28
Franklin, NE,2.25
Frontier, NE,2.26
Furnas, NE,2.23
Gage, NE,2.31
Garden, NE,2.1
Garfield, NE,2.16
Gosper, NE,2.36
Grant, NE,2.21
Greeley, NE,2.32
Hall, NE,2.59
Hamilton, NE,2.53
Harlan, NE,2.22
Hayes, NE,2.34
Hitchcock, NE,2.22
Holt, NE,2.31
Hooker, NE,2.18
Howard, NE,2.38
Jefferson, NE,2.22
Johnson, NE,2.31
Kearney, NE,2.39
Keith, NE,2.22
Keya Paha, NE,2.16
Kimball, NE,2.26
Knox, NE,2.32
Lancaster, NE,2.4
Lincoln, NE,2.37
Logan, NE,2.35
Loup, NE,2.3
McPherson, NE,2.55
Madison, NE,2.43
Merrick, NE,2.43
Morrill, NE,2.38
Nance, NE,2.36
Nemaha, NE,2.29
Nuckolls, NE,2.14
Otoe, NE,2.42
Pawnee, NE,2.22
Perkins, NE,2.36
Phelps, NE,2.37
Pierce, NE,2.46
Platte, NE,2.51
Polk, NE,2.39
Red Willow, NE,2.29
Richardson, NE,2.21
Rock, NE,2.18
Saline, NE,2.57
Sarpy, NE,2.71
Saunders, NE,2.54
Scotts Bluff, NE,2.42
Seward, NE,2.47
Sheridan, NE,2.25
Sherman, NE,2.22
Sioux, NE,2.27
Stanton, NE,2.57
Thayer, NE,2.21
Thomas, NE,2.22
Thurston, NE,3.19
Valley, NE,2.19
Washington, NE,2.54
Wayne, NE,2.38
Webster, NE,2.28
Wheeler, NE,2.34
York, NE,2.32
NEVADA,,2.65
Churchill, NV,2.53
Clark, NV,2.7
Douglas, NV,2.38
Elko, NV,2.77
Esmeralda, NV,2.01
Eureka, NV,2.38
Humboldt, NV,2.6
Lander, NV,2.6
Lincoln, NV,2.57
Lyon, NV,2.61
Mineral, NV,2.11
Nye, NV,2.42
Pershing, NV,2.51
Storey, NV,2.3
Washoe, NV,2.55
White Pine, NV,2.37
Carson City city, NV,2.41
NEW HAMPSHIRE,,2.46
Belknap, NH,2.39
Carroll, NH,2.25
Cheshire, NH,2.4
Coos, NH,2.23
Grafton, NH,2.28
Hillsborough, NH,2.53
Merrimack, NH,2.46
Rockingham, NH,2.54
Strafford, NH,2.44
Sullivan, NH,2.37
NEW JERSEY,,2.68
Atlantic, NJ,2.61
Bergen, NJ,2.66
Burlington, NJ,2.62
Camden, NJ,2.65
Cape May, NJ,2.32
Cumberland, NJ,2.79
Essex, NJ,2.68
Gloucester, NJ,2.72
Hudson, NJ,2.54
Hunterdon, NJ,2.62
Mercer, NJ,2.61
Middlesex, NJ,2.8
Monmouth, NJ,2.66
Morris, NJ,2.68
Ocean, NJ,2.58
Passaic, NJ,2.94
Salem, NJ,2.56
Somerset, NJ,2.71
Sussex, NJ,2.69
Union, NJ,2.82
Warren, NJ,2.57
NEW MEXICO,,2.55
Bernalillo, NM,2.45
Catron, NM,2.03
Chaves, NM,2.7
Cibola, NM,2.79
Colfax, NM,2.22
Curry, NM,2.63
De Baca, NM,2.21
Dona Ana, NM,2.71
Eddy, NM,2.59
Grant, NM,2.3
Guadalupe, NM,2.33
Harding, NM,1.99
Hidalgo, NM,2.49
Lea, NM,2.82
Lincoln, NM,2.21
Los Alamos, NM,2.33
Luna, NM,2.56
McKinley, NM,3.22
Mora, NM,2.31
Otero, NM,2.51
Quay, NM,2.21
Rio Arriba, NM,2.53
Roosevelt, NM,2.57
Sandoval, NM,2.75
San Juan, NM,2.89
San Miguel, NM,2.34
Santa Fe, NM,2.28
Sierra, NM,1.98
Socorro, NM,2.46
Taos, NM,2.19
Torrance, NM,2.52
Union, NM,2.29
Valencia, NM,2.73
NEW YORK,,2.57
Albany, NY,2.27
Allegany, NY,2.44
Bronx, NY,2.77
Broome, NY,2.32
Cattaraugus, NY,2.41
Cayuga, NY,2.41
Chautauqua, NY,2.37
Chemung, NY,2.37
Chenango, NY,2.43
Clinton, NY,2.37
Columbia, NY,2.35
Cortland, NY,2.45
Delaware, NY,2.29
Dutchess, NY,2.57
Erie, NY,2.32
Essex, NY,2.26
Franklin, NY,2.37
Fulton, NY,2.4
Genesee, NY,2.45
Greene, NY,2.31
Hamilton, NY,2.1
Herkimer, NY,2.4
Jefferson, NY,2.53
Kings, NY,2.69
Lewis, NY,2.55
Livingston, NY,2.44
Madison, NY,2.46
Monroe, NY,2.39
Montgomery, NY,2.43
Nassau, NY,2.94
New York, NY,1.99
Niagara, NY,2.34
Oneida, NY,2.38
Onondaga, NY,2.4
Ontario, NY,2.43
Orange, NY,2.86
Orleans, NY,2.5
Oswego, NY,2.52
Otsego, NY,2.31
Putnam, NY,2.77
Queens, NY,2.82
Rensselaer, NY,2.38
Richmond, NY,2.78
Rockland, NY,3.07
St. Lawrence, NY,2.43
Saratoga, NY,2.44
Schenectady, NY,2.39
Schoharie, NY,2.37
Schuyler, NY,2.39
Seneca, NY,2.42
Steuben, NY,2.41
Suffolk, NY,2.93
Sullivan, NY,2.45
Tioga, NY,2.49
Tompkins, NY,2.27
Ulster, NY,2.4
Warren, NY,2.32
Washington, NY,2.49
Wayne, NY,2.53
Westchester, NY,2.65
Wyoming, NY,2.46
Yates, NY,2.53
NORTH CAROLINA,,2.48
Alamance, NC,2.45
Alexander, NC,2.5
Alleghany, NC,2.31
Anson, NC,2.51
Ashe, NC,2.29
Avery, NC,2.31
Beaufort, NC,2.37
Bertie, NC,2.39
Bladen, NC,2.4
Brunswick, NC,2.3
Buncombe, NC,2.3
Burke, NC,2.45
Cabarrus, NC,2.69
Caldwell, NC,2.46
Camden, NC,2.71
Carteret, NC,2.27
Caswell, NC,2.43
Catawba, NC,2.5
Chatham, NC,2.43
Cherokee, NC,2.3
Chowan, NC,2.4
Clay, NC,2.25
Cleveland, NC,2.49
Columbus, NC,2.45
Craven, NC,2.45
Cumberland, NC,2.53
Currituck, NC,2.64
Dare, NC,2.36
Davidson, NC,2.5
Davie, NC,2.52
Duplin, NC,2.57
Durham, NC,2.35
Edgecombe, NC,2.54
Forsyth, NC,2.41
Franklin, NC,2.56
Gaston, NC,2.54
Gates, NC,2.6
Graham, NC,2.37
Granville, NC,2.57
Greene, NC,2.6
Guilford, NC,2.41
Halifax, NC,2.42
Harnett, NC,2.68
Haywood, NC,2.28
Henderson, NC,2.32
Hertford, NC,2.4
Hoke, NC,2.8
Hyde, NC,2.35
Iredell, NC,2.58
Jackson, NC,2.23
Johnston, NC,2.7
Jones, NC,2.41
Lee, NC,2.58
Lenoir, NC,2.39
Lincoln, NC,2.56
McDowell, NC,2.43
Macon, NC,2.29
Madison, NC,2.32
Martin, NC,2.36
Mecklenburg, NC,2.49
Mitchell, NC,2.3
Montgomery, NC,2.53
Moore, NC,2.33
Nash, NC,2.48
New Hanover, NC,2.28
Northampton, NC,2.32
Onslow, NC,2.66
Orange, NC,2.41
Pamlico, NC,2.27
Pasquotank, NC,2.51
Pender, NC,2.51
Perquimans, NC,2.39
Person, NC,2.47
Pitt, NC,2.39
Polk, NC,2.24
Randolph, NC,2.54
Richmond, NC,2.47
Robeson, NC,2.71
Rockingham, NC,2.39
Rowan, NC,2.52
Rutherford, NC,2.42
Sampson, NC,2.6
Scotland, NC,2.53
Stanly, NC,2.48
Stokes, NC,2.42
Surry, NC,2.43
Swain, NC,2.42
Transylvania, NC,2.22
Tyrrell, NC,2.37
Union, NC,2.94
Vance, NC,2.56
Wake, NC,2.55
Warren, NC,2.38
Washington, NC,2.37
Watauga, NC,2.24
Wayne, NC,2.5
Wilkes, NC,2.41
Wilson, NC,2.49
Yadkin, NC,2.46
Yancey, NC,2.31
NORTH DAKOTA,,2.3
Adams, ND,2.09
Barnes, ND,2.19
Benson, ND,2.98
Billings, ND,2.16
Bottineau, ND,2.17
Bowman, ND,2.22
Burke, ND,2.15
Burleigh, ND,2.31
Cass, ND,2.27
Cavalier, ND,2.15
Dickey, ND,2.29
Divide, ND,2.05
Dunn, ND,2.43
Eddy, ND,2.18
Emmons, ND,2.19
Foster, ND,2.2
Golden Valley, ND,2.1
Grand Forks, ND,2.28
Grant, ND,2.1
Griggs, ND,2.1
Hettinger, ND,2.19
Kidder, ND,2.3
LaMoure, ND,2.23
Logan, ND,2.28
McHenry, ND,2.25
McIntosh, ND,2.07
McKenzie, ND,2.58
McLean, ND,2.25
Mercer, ND,2.29
Morton, ND,2.38
Mountrail, ND,2.55
Nelson, ND,2.07
Oliver, ND,2.44
Pembina, ND,2.23
Pierce, ND,2.23
Ramsey, ND,2.21
Ransom, ND,2.28
Renville, ND,2.28
Richland, ND,2.31
Rolette, ND,2.89
Sargent, ND,2.26
Sheridan, ND,2.05
Sioux, ND,3.55
Slope, ND,2.23
Stark, ND,2.31
Steele, ND,2.29
Stutsman, ND,2.17
Towner, ND,2.1
Traill, ND,2.29
Walsh, ND,2.27
Ward, ND,2.36
Wells, ND,2.1
Williams, ND,2.35
OHIO,,2.44
Adams, OH,2.53
Allen, OH,2.47
Ashland, OH,2.53
Ashtabula, OH,2.5
Athens, OH,2.35
Auglaize, OH,2.53
Belmont, OH,2.32
Brown, OH,2.6
Butler, OH,2.63
Carroll, OH,2.5
Champaign, OH,2.56
Clark, OH,2.45
Clermont, OH,2.61
Clinton, OH,2.52
Columbiana, OH,2.43
Coshocton, OH,2.49
Crawford, OH,2.39
Cuyahoga, OH,2.29
Darke, OH,2.5
Defiance, OH,2.51
Delaware, OH,2.74
Erie, OH,2.37
Fairfield, OH,2.64
Fayette, OH,2.49
Franklin, OH,2.38
Fulton, OH,2.61
Gallia, OH,2.49
Geauga, OH,2.7
Greene, OH,2.43
Guernsey, OH,2.44
Hamilton, OH,2.34
Hancock, OH,2.42
Hardin, OH,2.53
Harrison, OH,2.4
Henry, OH,2.55
Highland, OH,2.58
Hocking, OH,2.52
Holmes, OH,3.31
Huron, OH,2.59
Jackson, OH,2.53
Jefferson, OH,2.32
Knox, OH,2.54
Lake, OH,2.41
Lawrence, OH,2.47
Licking, OH,2.55
Logan, OH,2.51
Lorain, OH,2.51
Lucas, OH,2.39
Madison, OH,2.59
Mahoning, OH,2.34
Marion, OH,2.47
Medina, OH,2.63
Meigs, OH,2.46
Mercer, OH,2.6
Miami, OH,2.48
Monroe, OH,2.39
Montgomery, OH,2.33
Morgan, OH,2.46
Morrow, OH,2.68
Muskingum, OH,2.46
Noble, OH,2.47
Ottawa, OH,2.34
Paulding, OH,2.51
Perry, OH,2.63
Pickaway, OH,2.61
Pike, OH,2.56
Portage, OH,2.47
Preble, OH,2.56
Putnam, OH,2.66
Richland, OH,2.4
Ross, OH,2.48
Sandusky, OH,2.48
Scioto, OH,2.46
Seneca, OH,2.49
Shelby, OH,2.64
Stark, OH,2.42
Summit, OH,2.39
Trumbull, OH,2.4
Tuscarawas, OH,2.47
Union, OH,2.73
Van Wert, OH,2.48
Vinton, OH,2.54
Warren, OH,2.7
Washington, OH,2.34
Wayne, OH,2.61
Williams, OH,2.43
Wood, OH,2.43
Wyandot, OH,2.46
OKLAHOMA,,2.49
Adair, OK,2.77
Alfalfa, OK,2.27
Atoka, OK,2.49
Beaver, OK,2.55
Beckham, OK,2.48
Blaine, OK,2.46
Bryan, OK,2.45
Caddo, OK,2.6
Canadian, OK,2.66
Carter, OK,2.51
Cherokee, OK,2.52
Choctaw, OK,2.4
Cimarron, OK,2.36
Cleveland, OK,2.49
Coal, OK,2.5
Comanche, OK,2.53
Cotton, OK,2.47
Craig, OK,2.46
Creek, OK,2.6
Custer, OK,2.43
Delaware, OK,2.41
Dewey, OK,2.43
Ellis, OK,2.3
Garfield, OK,2.43
Garvin, OK,2.46
Grady, OK,2.58
Grant, OK,2.33
Greer, OK,2.34
Harmon, OK,2.54
Harper, OK,2.39
Haskell, OK,2.52
Hughes, OK,2.46
Jackson, OK,2.51
Jefferson, OK,2.4
Johnston, OK,2.47
Kay, OK,2.44
Kingfisher, OK,2.6
Kiowa, OK,2.33
Latimer, OK,2.51
Le Flore, OK,2.58
Lincoln, OK,2.56
Logan, OK,2.6
Love, OK,2.51
McClain, OK,2.66
McCurtain, OK,2.52
McIntosh, OK,2.35
Major, OK,2.4
Marshall, OK,2.45
Mayes, OK,2.54
Murray, OK,2.46
Muskogee, OK,2.49
Noble, OK,2.45
Nowata, OK,2.46
Okfuskee, OK,2.52
Oklahoma, OK,2.45
Okmulgee, OK,2.52
Osage, OK,2.53
Ottawa, OK,2.5
Pawnee, OK,2.53
Payne, OK,2.31
Pittsburg, OK,2.41
Pontotoc, OK,2.44
Pottawatomie, OK,2.56
Pushmataha, OK,2.38
Roger Mills, OK,2.47
Rogers, OK,2.69
Seminole, OK,2.55
Sequoyah, OK,2.59
Stephens, OK,2.46
Texas, OK,2.78
Tillman, OK,2.4
Tulsa, OK,2.46
Wagoner, OK,2.71
Washington, OK,2.39
Washita, OK,2.48
Woods, OK,2.23
Woodward, OK,2.46
OREGON,,2.47
Baker, OR,2.24
Benton, OR,2.35
Clackamas, OR,2.56
Clatsop, OR,2.29
Columbia, OR,2.55
Coos, OR,2.29
Crook, OR,2.42
Curry, OR,2.12
Deschutes, OR,2.44
Douglas, OR,2.38
Gilliam, OR,2.14
Grant, OR,2.19
Harney, OR,2.28
Hood River, OR,2.64
Jackson, OR,2.4
Jefferson, OR,2.68
Josephine, OR,2.34
Klamath, OR,2.4
Lake, OR,2.2
Lane, OR,2.35
Lincoln, OR,2.2
Linn, OR,2.55
Malheur, OR,2.69
Marion, OR,2.7
Morrow, OR,2.85
Multnomah, OR,2.35
Polk, OR,2.6
Sherman, OR,2.27
Tillamook, OR,2.29
Umatilla, OR,2.67
Union, OR,2.38
Wallowa, OR,2.2
Wasco, OR,2.44
Washington, OR,2.6
Wheeler, OR,2.18
Yamhill, OR,2.7
PENNSYLVANIA,,2.45
Adams, PA,2.56
Allegheny, PA,2.23
Armstrong, PA,2.38
Beaver, PA,2.34
Bedford, PA,2.43
Berks, PA,2.59
Blair, PA,2.37
Bradford, PA,2.45
Bucks, PA,2.63
Butler, PA,2.45
Cambria, PA,2.3
Cameron, PA,2.2
Carbon, PA,2.42
Centre, PA,2.38
Chester, PA,2.65
Clarion, PA,2.37
Clearfield, PA,2.37
Clinton, PA,2.42
Columbia, PA,2.38
Crawford, PA,2.42
Cumberland, PA,2.37
Dauphin, PA,2.37
Delaware, PA,2.57
Elk, PA,2.31
Erie, PA,2.42
Fayette, PA,2.36
Forest, PA,2.08
Franklin, PA,2.52
Fulton, PA,2.45
Greene, PA,2.42
Huntingdon, PA,2.39
Indiana, PA,2.39
Jefferson, PA,2.39
Juniata, PA,2.57
Lackawanna, PA,2.37
Lancaster, PA,2.62
Lawrence, PA,2.39
Lebanon, PA,2.49
Lehigh, PA,2.54
Luzerne, PA,2.34
Lycoming, PA,2.37
McKean, PA,2.34
Mercer, PA,2.37
Mifflin, PA,2.46
Monroe, PA,2.72
Montgomery, PA,2.53
Montour, PA,2.36
Northampton, PA,2.53
Northumberland, PA,2.32
Perry, PA,2.53
Philadelphia, PA,2.45
Pike, PA,2.59
Potter, PA,2.39
Schuylkill, PA,2.35
Snyder, PA,2.53
Somerset, PA,2.35
Sullivan, PA,2.16
Susquehanna, PA,2.42
Tioga, PA,2.39
Union, PA,2.43
Venango, PA,2.37
Warren, PA,2.31
Washington, PA,2.37
Wayne, PA,2.38
Westmoreland, PA,2.32
Wyoming, PA,2.46
York, PA,2.53
RHODE ISLAND,,2.44
Bristol, RI,2.44
Kent, RI,2.4
Newport, RI,2.27
Providence, RI,2.48
Washington, RI,2.45
SOUTH CAROLINA,,2.49
Abbeville, SC,2.45
Aiken, SC,2.45
Allendale, SC,2.45
Anderson, SC,2.5
Bamberg, SC,2.44
Barnwell, SC,2.5
Beaufort, SC,2.42
Berkeley, SC,2.66
Calhoun, SC,2.47
Charleston, SC,2.36
Cherokee, SC,2.54
Chester, SC,2.56
Chesterfield, SC,2.52
Clarendon, SC,2.54
Colleton, SC,2.54
Darlington, SC,2.54
Dillon, SC,2.65
Dorchester, SC,2.68
Edgefield, SC,2.56
Fairfield, SC,2.5
Florence, SC,2.54
Georgetown, SC,2.43
Greenville, SC,2.49
Greenwood, SC,2.43
Hampton, SC,2.57
Horry, SC,2.37
Jasper, SC,2.73
Kershaw, SC,2.56
Lancaster, SC,2.51
Laurens, SC,2.51
Lee, SC,2.54
Lexington, SC,2.53
McCormick, SC,2.22
Marion, SC,2.52
Marlboro, SC,2.47
Newberry, SC,2.47
Oconee, SC,2.4
Orangeburg, SC,2.49
Pickens, SC,2.48
Richland, SC,2.43
Saluda, SC,2.61
Spartanburg, SC,2.53
Sumter, SC,2.59
Union, SC,2.38
Williamsburg, SC,2.53
York, SC,2.59
SOUTH DAKOTA,,2.42
Aurora, SD,2.37
Beadle, SD,2.31
Bennett, SD,3.11
Bon Homme, SD,2.24
Brookings, SD,2.36
Brown, SD,2.27
Brule, SD,2.4
Buffalo, SD,3.59
Butte, SD,2.4
Campbell, SD,2.11
Charles Mix, SD,2.63
Clark, SD,2.22
Clay, SD,2.28
Codington, SD,2.35
Corson, SD,3.21
Custer, SD,2.19
Davison, SD,2.26
Day, SD,2.22
Deuel, SD,2.37
Dewey, SD,3.05
Douglas, SD,2.33
Edmunds, SD,2.27
Fall River, SD,2.1
Faulk, SD,2.15
Grant, SD,2.35
Gregory, SD,2.18
Haakon, SD,2.24
Hamlin, SD,2.68
Hand, SD,2.26
Hanson, SD,2.69
Harding, SD,2.27
Hughes, SD,2.3
Hutchinson, SD,2.22
Hyde, SD,2.3
Jackson, SD,3
Jerauld, SD,2.18
Jones, SD,2.2
Kingsbury, SD,2.23
Lake, SD,2.3
Lawrence, SD,2.19
Lincoln, SD,2.68
Lyman, SD,2.67
McCook, SD,2.45
McPherson, SD,2.06
Marshall, SD,2.36
Meade, SD,2.49
Mellette, SD,2.88
Miner, SD,2.24
Minnehaha, SD,2.43
Moody, SD,2.48
Pennington, SD,2.38
Perkins, SD,2.26
Potter, SD,2.13
Roberts, SD,2.58
Sanborn, SD,2.24
Shannon, SD,4.29
Spink, SD,2.3
Stanley, SD,2.42
Sully, SD,2.25
Todd, SD,3.45
Tripp, SD,2.28
Turner, SD,2.37
Union, SD,2.49
Walworth, SD,2.21
Yankton, SD,2.3
Ziebach, SD,3.35
TENNESSEE,,2.48
Anderson, TN,2.37
Bedford, TN,2.69
Benton, TN,2.31
Bledsoe, TN,2.51
Blount, TN,2.46
Bradley, TN,2.54
Campbell, TN,2.46
Cannon, TN,2.49
Carroll, TN,2.39
Carter, TN,2.31
Cheatham, TN,2.67
Chester, TN,2.56
Claiborne, TN,2.41
Clay, TN,2.31
Cocke, TN,2.39
Coffee, TN,2.5
Crockett, TN,2.52
Cumberland, TN,2.33
Davidson, TN,2.32
Decatur, TN,2.34
DeKalb, TN,2.48
Dickson, TN,2.57
Dyer, TN,2.49
Fayette, TN,2.62
Fentress, TN,2.46
Franklin, TN,2.45
Gibson, TN,2.47
Giles, TN,2.43
Grainger, TN,2.49
Greene, TN,2.39
Grundy, TN,2.5
Hamblen, TN,2.51
Hamilton, TN,2.39
Hancock, TN,2.36
Hardeman, TN,2.52
Hardin, TN,2.41
Hawkins, TN,2.42
Haywood, TN,2.5
Henderson, TN,2.45
Henry, TN,2.34
Hickman, TN,2.58
Houston, TN,2.46
Humphreys, TN,2.46
Jackson, TN,2.39
Jefferson, TN,2.51
Johnson, TN,2.28
Knox, TN,2.37
Lake, TN,2.35
Lauderdale, TN,2.56
Lawrence, TN,2.55
Lewis, TN,2.5
Lincoln, TN,2.47
Loudon, TN,2.42
McMinn, TN,2.46
McNairy, TN,2.49
Macon, TN,2.57
Madison, TN,2.47
Marion, TN,2.45
Marshall, TN,2.55
Maury, TN,2.52
Meigs, TN,2.48
Monroe, TN,2.49
Montgomery, TN,2.65
Moore, TN,2.51
Morgan, TN,2.53
Obion, TN,2.4
Overton, TN,2.47
Perry, TN,2.47
Pickett, TN,2.3
Polk, TN,2.49
Putnam, TN,2.41
Rhea, TN,2.52
Roane, TN,2.39
Robertson, TN,2.71
Rutherford, TN,2.68
Scott, TN,2.53
Sequatchie, TN,2.52
Sevier, TN,2.52
Shelby, TN,2.59
Smith, TN,2.57
Stewart, TN,2.46
Sullivan, TN,2.33
Sumner, TN,2.61
Tipton, TN,2.78
Trousdale, TN,2.6
Unicoi, TN,2.32
Union, TN,2.56
Van Buren, TN,2.43
Warren, TN,2.48
Washington, TN,2.31
Wayne, TN,2.43
Weakley, TN,2.36
White, TN,2.48
Williamson, TN,2.81
Wilson, TN,2.65
TEXAS,,2.75
Anderson, TX,2.57
Andrews, TX,2.8
Angelina, TX,2.7
Aransas, TX,2.32
Archer, TX,2.54
Armstrong, TX,2.46
Atascosa, TX,2.92
Austin, TX,2.6
Bailey, TX,2.86
Bandera, TX,2.35
Bastrop, TX,2.78
Baylor, TX,2.19
Bee, TX,2.69
Bell, TX,2.65
Bexar, TX,2.75
Blanco, TX,2.41
Borden, TX,2.43
Bosque, TX,2.47
Bowie, TX,2.49
Brazoria, TX,2.84
Brazos, TX,2.53
Brewster, TX,2.18
Briscoe, TX,2.37
Brooks, TX,2.71
Brown, TX,2.47
Burleson, TX,2.5
Burnet, TX,2.53
Caldwell, TX,2.82
Calhoun, TX,2.72
Callahan, TX,2.47
Cameron, TX,3.36
Camp, TX,2.64
Carson, TX,2.49
Cass, TX,2.42
Castro, TX,2.91
Chambers, TX,2.92
Cherokee, TX,2.68
Childress, TX,2.42
Clay, TX,2.47
Cochran, TX,2.74
Coke, TX,2.24
Coleman, TX,2.3
Collin, TX,2.74
Collingsworth, TX,2.55
Colorado, TX,2.51
Comal, TX,2.6
Comanche, TX,2.48
Concho, TX,2.4
Cooke, TX,2.6
Coryell, TX,2.84
Cottle, TX,2.22
Crane, TX,2.92
Crockett, TX,2.58
Crosby, TX,2.68
Culberson, TX,2.63
Dallam, TX,2.72
Dallas, TX,2.73
Dawson, TX,2.67
Deaf Smith, TX,2.99
Delta, TX,2.47
Denton, TX,2.71
DeWitt, TX,2.47
Dickens, TX,2.29
Dimmit, TX,2.89
Donley, TX,2.27
Duval, TX,2.74
Eastland, TX,2.37
Ector, TX,2.77
Edwards, TX,2.38
Ellis, TX,2.93
El Paso, TX,3.06
Erath, TX,2.47
Falls, TX,2.51
Fannin, TX,2.53
Fayette, TX,2.39
Fisher, TX,2.37
Floyd, TX,2.67
Foard, TX,2.28
Fort Bend, TX,3.09
Franklin, TX,2.52
Freestone, TX,2.51
Frio, TX,2.87
Gaines, TX,3.11
Galveston, TX,2.63
Garza, TX,2.6
Gillespie, TX,2.31
Glasscock, TX,2.78
Goliad, TX,2.48
Gonzales, TX,2.74
Gray, TX,2.48
Grayson, TX,2.53
Gregg, TX,2.56
Grimes, TX,2.65
Guadalupe, TX,2.83
Hale, TX,2.83
Hall, TX,2.41
Hamilton, TX,2.4
Hansford, TX,2.77
Hardeman, TX,2.39
Hardin, TX,2.65
Harris, TX,2.82
Harrison, TX,2.62
Hartley, TX,2.63
Haskell, TX,2.33
Hays, TX,2.72
Hemphill, TX,2.73
Henderson, TX,2.49
Hidalgo, TX,3.55
Hill, TX,2.59
Hockley, TX,2.7
Hood, TX,2.43
Hopkins, TX,2.61
Houston, TX,2.41
Howard, TX,2.55
Hudspeth, TX,2.89
Hunt, TX,2.63
Hutchinson, TX,2.5
Irion, TX,2.45
Jack, TX,2.52
Jackson, TX,2.62
Jasper, TX,2.52
Jeff Davis, TX,2.18
Jefferson, TX,2.53
Jim Hogg, TX,2.78
Jim Wells, TX,2.9
Johnson, TX,2.84
Jones, TX,2.52
Karnes, TX,2.57
Kaufman, TX,2.92
Kendall, TX,2.61
Kenedy, TX,2.83
Kent, TX,2.16
Kerr, TX,2.32
Kimble, TX,2.26
King, TX,2.53
Kinney, TX,2.42
Kleberg, TX,2.71
Knox, TX,2.4
Lamar, TX,2.48
Lamb, TX,2.71
Lampasas, TX,2.58
La Salle, TX,2.75
Lavaca, TX,2.41
Lee, TX,2.62
Leon, TX,2.42
Liberty, TX,2.81
Limestone, TX,2.56
Lipscomb, TX,2.59
Live Oak, TX,2.44
Llano, TX,2.12
Loving, TX,2.1
Lubbock, TX,2.53
Lynn, TX,2.61
McCulloch, TX,2.45
McLennan, TX,2.6
McMullen, TX,2.28
Madison, TX,2.65
Marion, TX,2.26
Martin, TX,2.88
Mason, TX,2.29
Matagorda, TX,2.61
Maverick, TX,3.42
Medina, TX,2.81
Menard, TX,2.22
Midland, TX,2.66
Milam, TX,2.59
Mills, TX,2.42
Mitchell, TX,2.49
Montague, TX,2.43
Montgomery, TX,2.78
Moore, TX,3.02
Morris, TX,2.45
Motley, TX,2.23
Nacogdoches, TX,2.49
Navarro, TX,2.7
Newton, TX,2.51
Nolan, TX,2.47
Nueces, TX,2.68
Ochiltree, TX,2.81
Oldham, TX,2.56
Orange, TX,2.62
Palo Pinto, TX,2.56
Panola, TX,2.53
Parker, TX,2.71
Parmer, TX,2.99
Pecos, TX,2.75
Polk, TX,2.49
Potter, TX,2.66
Presidio, TX,2.69
Rains, TX,2.48
Randall, TX,2.47
Reagan, TX,2.89
Real, TX,2.36
Red River, TX,2.32
Reeves, TX,2.78
Refugio, TX,2.55
Roberts, TX,2.59
Robertson, TX,2.51
Rockwall, TX,2.94
Runnels, TX,2.47
Rusk, TX,2.6
Sabine, TX,2.27
San Augustine, TX,2.38
San Jacinto, TX,2.6
San Patricio, TX,2.83
San Saba, TX,2.41
Schleicher, TX,2.93
Scurry, TX,2.6
Shackelford, TX,2.44
Shelby, TX,2.62
Sherman, TX,2.78
Smith, TX,2.6
Somervell, TX,2.67
Starr, TX,3.54
Stephens, TX,2.47
Sterling, TX,2.52
Stonewall, TX,2.28
Sutton, TX,2.65
Swisher, TX,2.61
Tarrant, TX,2.72
Taylor, TX,2.49
Terrell, TX,2.29
Terry, TX,2.73
Throckmorton, TX,2.26
Titus, TX,2.96
Tom Green, TX,2.48
Travis, TX,2.48
Trinity, TX,2.37
Tyler, TX,2.41
Upshur, TX,2.6
Upton, TX,2.62
Uvalde, TX,2.86
Val Verde, TX,3
Van Zandt, TX,2.59
Victoria, TX,2.65
Walker, TX,2.44
Waller, TX,2.81
Ward, TX,2.64
Washington, TX,2.45
Webb, TX,3.68
Wharton, TX,2.7
Wheeler, TX,2.46
Wichita, TX,2.44
Wilbarger, TX,2.44
Willacy, TX,3.28
Williamson, TX,2.74
Wilson, TX,2.82
Winkler, TX,2.72
Wise, TX,2.77
Wood, TX,2.39
Yoakum, TX,2.96
Young, TX,2.49
Zapata, TX,3.26
Zavala, TX,3.15
UTAH,,3.1
Beaver, UT,2.92
Box Elder, UT,3.09
Cache, UT,3.14
Carbon, UT,2.61
Daggett, UT,2.34
Davis, UT,3.24
Duchesne, UT,3.05
Emery, UT,2.93
Garfield, UT,2.59
Grand, UT,2.34
Iron, UT,3
Juab, UT,3.27
Kane, UT,2.42
Millard, UT,2.95
Morgan, UT,3.36
Piute, UT,2.64
Rich, UT,2.81
Salt Lake, UT,2.96
San Juan, UT,3.21
Sanpete, UT,3.19
Sevier, UT,2.89
Summit, UT,2.79
Tooele, UT,3.22
Uintah, UT,3.07
Utah, UT,3.57
Wasatch, UT,3.19
Washington, UT,2.94
Wayne, UT,2.61
Weber, UT,2.9
VERMONT,,2.34
Addison, VT,2.41
Bennington, VT,2.3
Caledonia, VT,2.38
Chittenden, VT,2.37
Essex, VT,2.23
Franklin, VT,2.55
Grand Isle, VT,2.4
Lamoille, VT,2.37
Orange, VT,2.37
Orleans, VT,2.33
Rutland, VT,2.28
Washington, VT,2.28
Windham, VT,2.23
Windsor, VT,2.25
VIRGINIA,,2.54
Accomack, VA,2.37
Albemarle, VA,2.41
Alleghany, VA,2.32
Amelia, VA,2.61
Amherst, VA,2.45
Appomattox, VA,2.47
Arlington, VA,2.09
Augusta, VA,2.49
Bath, VA,2.16
Bedford, VA,2.49
Bland, VA,2.39
Botetourt, VA,2.5
Brunswick, VA,2.4
Buchanan, VA,2.3
Buckingham, VA,2.48
Campbell, VA,2.42
Caroline, VA,2.68
Carroll, VA,2.32
Charles City, VA,2.46
Charlotte, VA,2.43
Chesterfield, VA,2.69
Clarke, VA,2.5
Craig, VA,2.37
Culpeper, VA,2.77
Cumberland, VA,2.52
Dickenson, VA,2.36
Dinwiddie, VA,2.58
Essex, VA,2.43
Fairfax, VA,2.74
Fauquier, VA,2.74
Floyd, VA,2.37
Fluvanna, VA,2.58
Franklin, VA,2.4
Frederick, VA,2.68
Giles, VA,2.38
Gloucester, VA,2.55
Goochland, VA,2.54
Grayson, VA,2.24
Greene, VA,2.69
Greensville, VA,2.44
Halifax, VA,2.35
Hanover, VA,2.68
Henrico, VA,2.44
Henry, VA,2.31
Highland, VA,2.15
Isle of Wight, VA,2.55
James City, VA,2.45
King and Queen, VA,2.41
King George, VA,2.78
King William, VA,2.65
Lancaster, VA,2.13
Lee, VA,2.35
Loudoun, VA,2.98
Louisa, VA,2.54
Lunenburg, VA,2.36
Madison, VA,2.58
Mathews, VA,2.3
Mecklenburg, VA,2.3
Middlesex, VA,2.24
Montgomery, VA,2.38
Nelson, VA,2.33
New Kent, VA,2.62
Northampton, VA,2.27
Northumberland, VA,2.23
Nottoway, VA,2.46
Orange, VA,2.55
Page, VA,2.45
Patrick, VA,2.26
Pittsylvania, VA,2.39
Powhatan, VA,2.7
Prince Edward, VA,2.41
Prince George, VA,2.7
Prince William, VA,3.05
Pulaski, VA,2.29
Rappahannock, VA,2.39
Richmond, VA,2.36
Roanoke, VA,2.39
Rockbridge, VA,2.32
Rockingham, VA,2.57
Russell, VA,2.38
Scott, VA,2.3
Shenandoah, VA,2.43
Smyth, VA,2.36
Southampton, VA,2.53
Spotsylvania, VA,2.91
Stafford, VA,3
Surry, VA,2.5
Sussex, VA,2.38
Tazewell, VA,2.35
Warren, VA,2.62
Washington, VA,2.33
Westmoreland, VA,2.38
Wise, VA,2.4
Wythe, VA,2.32
York, VA,2.7
Alexandria, VA,2.03
Bedford, VA,2.23
Bristol, VA,2.21
Buena Vista, VA,2.4
Charlottesville, VA,2.31
Chesapeake, VA,2.75
Clifton Forge, VA,0
Colonial Heights, VA,2.37
Covington, VA,2.23
Danville, VA,2.21
Emporia, VA,2.45
Fairfax, VA,2.64
Falls Church, VA,2.41
Franklin, VA,2.39
Fredericksburg, VA,2.28
Galax, VA,2.28
Hampton, VA,2.42
Harrisonburg, VA,2.59
Hopewell, VA,2.45
Lexington, VA,2
Lynchburg, VA,2.3
Manassas, VA,3.02
Manassas Park, VA,3.17
Martinsville, VA,2.21
Newport News, VA,2.45
Norfolk, VA,2.43
Norton, VA,2.22
Petersburg, VA,2.3
Poquoson, VA,2.67
Portsmouth, VA,2.47
Radford, VA,2.3
Richmond, VA,2.2
Roanoke, VA,2.22
Salem, VA,2.3
South Boston, VA,0
Staunton, VA,2.15
Suffolk, VA,2.7
Virginia Beach, VA,2.6
Waynesboro, VA,2.34
Williamsburg, VA,2.17
Winchester, VA,2.38
WASHINGTON,,2.51
Adams, WA,3.25
Asotin, WA,2.32
Benton, WA,2.66
Chelan, WA,2.57
Clallam, WA,2.22
Clark, WA,2.67
Columbia, WA,2.27
Cowlitz, WA,2.51
Douglas, WA,2.75
Ferry, WA,2.29
Franklin, WA,3.28
Garfield, WA,2.25
Grant, WA,2.93
Grays Harbor, WA,2.45
Island, WA,2.35
Jefferson, WA,2.08
King, WA,2.4
Kitsap, WA,2.49
Kittitas, WA,2.32
Klickitat, WA,2.42
Lewis, WA,2.51
Lincoln, WA,2.37
Mason, WA,2.45
Okanogan, WA,2.45
Pacific, WA,2.17
Pend Oreille, WA,2.35
Pierce, WA,2.59
San Juan, WA,2.05
Skagit, WA,2.53
Skamania, WA,2.44
Snohomish, WA,2.62
Spokane, WA,2.44
Stevens, WA,2.5
Thurston, WA,2.46
Wahkiakum, WA,2.26
Walla Walla, WA,2.5
Whatcom, WA,2.43
Whitman, WA,2.22
Yakima, WA,2.97
WEST VIRGINIA,,2.36
Barbour, WV,2.46
Berkeley, WV,2.59
Boone, WV,2.47
Braxton, WV,2.36
Brooke, WV,2.32
Cabell, WV,2.24
Calhoun, WV,2.33
Clay, WV,2.5
Doddridge, WV,2.41
Fayette, WV,2.35
Gilmer, WV,2.34
Grant, WV,2.39
Greenbrier, WV,2.26
Hampshire, WV,2.44
Hancock, WV,2.29
Hardy, WV,2.4
Harrison, WV,2.39
Jackson, WV,2.43
Jefferson, WV,2.61
Kanawha, WV,2.26
Lewis, WV,2.35
Lincoln, WV,2.47
Logan, WV,2.43
McDowell, WV,2.36
Marion, WV,2.32
Marshall, WV,2.35
Mason, WV,2.39
Mercer, WV,2.3
Mineral, WV,2.39
Mingo, WV,2.4
Monongalia, WV,2.24
Monroe, WV,2.38
Morgan, WV,2.39
Nicholas, WV,2.38
Ohio, WV,2.21
Pendleton, WV,2.28
Pleasants, WV,2.44
Pocahontas, WV,2.24
Preston, WV,2.42
Putnam, WV,2.51
Raleigh, WV,2.36
Randolph, WV,2.32
Ritchie, WV,2.37
Roane, WV,2.39
Summers, WV,2.26
Taylor, WV,2.42
Tucker, WV,2.29
Tyler, WV,2.37
Upshur, WV,2.4
Wayne, WV,2.43
Webster, WV,2.4
Wetzel, WV,2.36
Wirt, WV,2.39
Wood, WV,2.35
Wyoming, WV,2.45
WISCONSIN,,2.43
Adams, WI,2.24
Ashland, WI,2.31
Barron, WI,2.36
Bayfield, WI,2.23
Brown, WI,2.45
Buffalo, WI,2.36
Burnett, WI,2.25
Calumet, WI,2.63
Chippewa, WI,2.45
Clark, WI,2.69
Columbia, WI,2.43
Crawford, WI,2.33
Dane, WI,2.33
Dodge, WI,2.44
Door, WI,2.19
Douglas, WI,2.31
Dunn, WI,2.47
Eau Claire, WI,2.38
Florence, WI,2.2
Fond du Lac, WI,2.41
Forest, WI,2.33
Grant, WI,2.44
Green, WI,2.45
Green Lake, WI,2.38
Iowa, WI,2.46
Iron, WI,2.06
Jackson, WI,2.44
Jefferson, WI,2.49
Juneau, WI,2.38
Kenosha, WI,2.58
Kewaunee, WI,2.48
La Crosse, WI,2.37
Lafayette, WI,2.53
Langlade, WI,2.29
Lincoln, WI,2.33
Manitowoc, WI,2.36
Marathon, WI,2.49
Marinette, WI,2.26
Marquette, WI,2.32
Menominee, WI,3.17
Milwaukee, WI,2.41
Monroe, WI,2.52
Oconto, WI,2.42
Oneida, WI,2.21
Outagamie, WI,2.49
Ozaukee, WI,2.47
Pepin, WI,2.4
Pierce, WI,2.55
Polk, WI,2.43
Portage, WI,2.39
Price, WI,2.2
Racine, WI,2.52
Richland, WI,2.41
Rock, WI,2.5
Rusk, WI,2.34
St. Croix, WI,2.63
Sauk, WI,2.43
Sawyer, WI,2.31
Shawano, WI,2.42
Sheboygan, WI,2.42
Taylor, WI,2.44
Trempealeau, WI,2.46
Vernon, WI,2.53
Vilas, WI,2.2
Walworth, WI,2.51
Washburn, WI,2.27
Washington, WI,2.53
Waukesha, WI,2.52
Waupaca, WI,2.37
Waushara, WI,2.34
Winnebago, WI,2.34
Wood, WI,2.34
WYOMING,,2.42
Albany, WY,2.17
Big Horn, WY,2.52
Campbell, WY,2.66
Carbon, WY,2.36
Converse, WY,2.42
Crook, WY,2.41
Fremont, WY,2.54
Goshen, WY,2.29
Hot Springs, WY,2.16
Johnson, WY,2.25
Laramie, WY,2.4
Lincoln, WY,2.63
Natrona, WY,2.41
Niobrara, WY,2.12
Park, WY,2.29
Platte, WY,2.23
Sheridan, WY,2.27
Sublette, WY,2.48
Sweetwater, WY,2.62
Teton, WY,2.34
Uinta, WY,2.72
Washakie, WY,2.4
Weston, WY,2.28
