Area_name,,Vacant housing units 2010 (complete count),"Housing units - median rooms, 2005-2009",Occupied housing units 2010 (complete count),,
UNITED STATES,," 14,988,438.00 ",5.4," 116,716,292.00 ",,
ALABAMA,,288062,5.5,1883791,,
Autauga, AL,1914,5.9,20221,,
Baldwin, AL,30881,5.4,73180,,
Barbour, AL,2009,5.4,9820,,
Bibb, AL,1028,5.4,7953,,
Blount, AL,2309,5.5,21578,,
Bullock, AL,748,5.3,3745,,
Butler, AL,1473,5.5,8491,,
Calhoun, AL,5958,5.5,47331,,
Chambers, AL,3071,5.3,13933,,
Cherokee, AL,5641,5.1,10626,,
Chilton, AL,2720,5.4,16558,,
Choctaw, AL,1403,5.4,5866,,
Clarke, AL,2301,5.4,10337,,
Clay, AL,1106,5.2,5670,,
Cleburne, AL,827,5.2,5891,,
Coffee, AL,2481,5.7,19849,,
Colbert, AL,2985,5.6,22773,,
Conecuh, AL,1468,5.8,5625,,
Coosa, AL,1684,5.3,4794,,
Covington, AL,3298,5.5,15531,,
Crenshaw, AL,1083,5.3,5652,,
Cullman, AL,5190,5.4,31864,,
Dale, AL,2612,5.4,20065,,
Dallas, AL,3144,5.3,17064,,
DeKalb, AL,4267,5.3,26842,,
Elmore, AL,4356,5.8,28301,,
Escambia, AL,2329,5.7,14157,,
Etowah, AL,5418,5.6,42036,,
Fayette, AL,1337,5.4,7100,,
Franklin, AL,1736,5.4,12286,,
Geneva, AL,1767,5.5,10920,,
Greene, AL,1243,5,3764,,
Hale, AL,1382,5.1,6273,,
Henry, AL,1897,5.4,6994,,
Houston, AL,4350,5.5,40969,,
Jackson, AL,3273,5.3,21513,,
Jefferson, AL,36984,5.7,263568,,
Lamar, AL,1251,5.4,6103,,
Lauderdale, AL,5111,5.6,38680,,
Lawrence, AL,1575,5.7,13654,,
Lee, AL,6709,5.2,55682,,
Limestone, AL,3531,5.6,31446,,
Lowndes, AL,788,5.3,4352,,
Macon, AL,1760,5.4,8499,,
Madison, AL,11747,5.9,134700,,
Marengo, AL,1702,5.4,8535,,
Marion, AL,2086,5.2,12651,,
Marshall, AL,4532,5.4,35810,,
Mobile, AL,19761,5.6,158435,,
Monroe, AL,2119,5.6,9214,,
Montgomery, AL,11660,5.6,89981,,
Morgan, AL,4163,5.6,47030,,
Perry, AL,790,5.4,3947,,
Pickens, AL,1471,5.3,8012,,
Pike, AL,2057,5.2,13210,,
Randolph, AL,2818,5.4,9164,,
Russell, AL,3366,5.1,21229,,
St. Clair, AL,3917,5.6,31624,,
Shelby, AL,6898,6.2,74072,,
Sumter, AL,1157,5.1,5629,,
Talladega, AL,5198,5.4,31890,,
Tallapoosa, AL,5126,5.3,16985,,
Tuscaloosa, AL,8731,5.3,76141,,
Walker, AL,4245,5.4,26571,,
Washington, AL,1649,5.4,6758,,
Wilcox, AL,1165,5.4,4484,,
Winston, AL,3306,5.1,10163,,
ALASKA,,48909,4.7,258058,,
Aleutians East, AK,194,4.4,553,,
Aleutians West, AK,717,4.6,1212,,
Anchorage, AK,5700,5.1,107332,,
Bethel, AK,1268,3.7,4651,,
Bristol Bay, AK,546,3.9,423,,
Denali, AK,965,3.8,806,,
Dillingham, AK,864,3.7,1563,,
Fairbanks North Star, AK,5342,4.8,36441,,
Haines, AK,482,4.2,1149,,
Hoonah-Angoon, AK,858,4,913,,
Juneau, AK,868,4.9,12187,,
Kenai Peninsula, AK,8417,4.6,22161,,
Ketchikan Gateway, AK,861,4.7,5305,,
Kodiak Island, AK,673,4.4,4630,,
Lake and Peninsula, AK,949,3.6,553,,
Matanuska-Susitna, AK,9505,4.7,31824,,
Nome, AK,1193,3.7,2815,,
North Slope, AK,471,3.9,2029,,
Northwest Arctic, AK,788,3.5,1919,,
Petersburg, AK,395,4.5,1599,,
Prince of Wales-Hyder, AK,798,4.6,2194,,
Sitka, AK,557,4.8,3545,,
Skagway, AK,200,4.6,436,,
Southeast Fairbanks, AK,1348,4.6,2567,,
Valdez-Cordova, AK,2136,4.6,3966,,
Wade Hampton, AK,438,3.6,1745,,
Wrangell, AK,375,4.6,1053,,
Yakutat, AK,180,3.9,270,,
Yukon-Koyukuk, AK,1821,3.1,2217,,
ARIZONA,,463536,5.2,2380990,,
Apache, AZ,9743,4,22771,,
Cochise, AZ,8176,5.3,50865,,
Coconino, AZ,16610,5,46711,,
Gila, AZ,10698,4.9,22000,,
Graham, AZ,1860,5.4,11120,,
Greenlee, AZ,1184,5.1,3188,,
La Paz, AZ,6851,3.7,9198,,
Maricopa, AZ,227696,5.4,1411583,,
Mohave, AZ,28372,5.1,82539,,
Navajo, AZ,21280,4.7,35658,,
Pima, AZ,52249,5.1,388660,,
Pinal, AZ,33632,5.5,125590,,
Santa Cruz, AZ,2573,5.4,15437,,
Yavapai, AZ,19529,5.3,90903,,
Yuma, AZ,23083,4.6,64767,,
ARKANSAS,,169215,5.2,1147084,,
Arkansas, AR,1431,5.3,8005,,
Ashley, AR,1372,5.1,8765,,
Baxter, AR,3832,5.2,18748,,
Benton, AR,10997,5.6,82087,,
Boone, AR,1707,5.2,15120,,
Bradley, AR,1187,5.1,4673,,
Calhoun, AR,635,5.1,2262,,
Carroll, AR,2166,5.2,11393,,
Chicot, AR,842,5,4579,,
Clark, AR,1602,5.2,8783,,
Clay, AR,1186,5.1,6845,,
Cleburne, AR,4748,5.2,11078,,
Cleveland, AR,648,5.2,3416,,
Columbia, AR,1837,5.2,9759,,
Conway, AR,1257,5.2,8463,,
Craighead, AR,3224,5.2,37291,,
Crawford, AR,2668,5.3,23447,,
Crittenden, AR,2463,5.2,19026,,
Cross, AR,851,5.6,7002,,
Dallas, AR,1025,5.4,3280,,
Desha, AR,940,5,5321,,
Drew, AR,1048,5.2,7360,,
Faulkner, AR,3998,5.3,42614,,
Franklin, AR,984,5.1,7037,,
Fulton, AR,1582,5,5196,,
Garland, AR,9554,5.1,40994,,
Grant, AR,825,5.4,6933,,
Greene, AR,1467,5.2,16425,,
Hempstead, AR,1580,5.2,8839,,
Hot Spring, AR,1668,5.2,12664,,
Howard, AR,873,5.2,5365,,
Independence, AR,1796,5.3,14391,,
Izard, AR,1501,5.1,5731,,
Jackson, AR,877,5.2,6724,,
Jefferson, AR,4133,5.3,28873,,
Johnson, AR,1499,5.1,9812,,
Lafayette, AR,1203,4.9,3150,,
Lawrence, AR,1062,5.2,6938,,
Lee, AR,732,5.3,3624,,
Lincoln, AR,653,5.4,4207,,
Little River, AR,1049,5.3,5411,,
Logan, AR,1404,5.3,8704,,
Lonoke, AR,1944,5.6,25295,,
Madison, AR,1307,5.1,6174,,
Marion, AR,1943,5.1,7411,,
Miller, AR,2062,5.2,17219,,
Mississippi, AR,2718,5.1,17741,,
Monroe, AR,974,5.1,3481,,
Montgomery, AR,1763,4.9,4000,,
Nevada, AR,866,5.1,3697,,
Newton, AR,1093,4.8,3571,,
Ouachita, AR,2118,5.3,11003,,
Perry, AR,737,5.1,4170,,
Phillips, AR,1635,5.1,8491,,
Pike, AR,1123,5,4457,,
Poinsett, AR,1169,5.2,9754,,
Polk, AR,1552,5.2,8450,,
Pope, AR,2198,5.2,23353,,
Prairie, AR,818,5,3685,,
Pulaski, AR,16783,5.3,158772,,
Randolph, AR,1214,5.2,7299,,
St. Francis, AR,1287,5.2,9616,,
Saline, AR,3370,5.4,41441,,
Scott, AR,825,5.2,4368,,
Searcy, AR,1326,4.9,3574,,
Sebastian, AR,5052,5.2,49599,,
Sevier, AR,912,5.3,5975,,
Sharp, AR,2462,5.1,7360,,
Stone, AR,1387,5,5325,,
Union, AR,2702,5.3,16951,,
Van Buren, AR,2912,4.8,7433,,
Washington, AR,11419,5.1,76389,,
White, AR,3146,5.4,29342,,
Woodruff, AR,759,5,3134,,
Yell, AR,1533,4.9,8219,,
CALIFORNIA,,1102583,5.1,12577498,,
Alameda, CA,37411,5,545138,,
Alpine, CA,1263,4.4,497,,
Amador, CA,3463,5.3,14569,,
Butte, CA,8217,5.1,87618,,
Calaveras, CA,9039,5.2,18886,,
Colusa, CA,827,5.1,7056,,
Contra Costa, CA,24899,5.7,375364,,
Del Norte, CA,1279,5.1,9907,,
El Dorado, CA,17936,5.6,70223,,
Fresno, CA,26140,5.2,289391,,
Glenn, CA,978,5.2,9800,,
Humboldt, CA,5528,4.9,56031,,
Imperial, CA,6941,5,49126,,
Inyo, CA,1429,4.8,8049,,
Kern, CA,29757,5.2,254610,,
Kings, CA,2634,5.3,41233,,
Lake, CA,8944,4.8,26548,,
Lassen, CA,2652,5.2,10058,,
Los Angeles, CA,203872,4.6,3241204,,
Madera, CA,5823,5.3,43317,,
Marin, CA,8004,5.4,103210,,
Mariposa, CA,2495,5,7693,,
Mendocino, CA,5378,5,34945,,
Merced, CA,8056,5.3,75642,,
Modoc, CA,1128,5.2,4064,,
Mono, CA,8144,4.3,5768,,
Monterey, CA,13102,5.1,125946,,
Napa, CA,5883,5.3,48876,,
Nevada, CA,11063,5.3,41527,,
Orange, CA,56126,5.2,992781,,
Placer, CA,20021,5.8,132627,,
Plumas, CA,6589,4.9,8977,,
Riverside, CA,114447,5.4,686260,,
Sacramento, CA,41987,5.3,513945,,
San Benito, CA,1065,5.6,16805,,
San Bernardino, CA,88019,5.4,611618,,
San Diego, CA,77921,5,1086865,,
San Francisco, CA,31131,4.1,345811,,
San Joaquin, CA,18748,5.4,215007,,
San Luis Obispo, CA,15299,5.2,102016,,
San Mateo, CA,13194,5.1,257837,,
Santa Barbara, CA,10730,5,142104,,
Santa Clara, CA,27716,5.2,604204,,
Santa Cruz, CA,10121,4.9,94355,,
Shasta, CA,6967,5.3,70346,,
Sierra, CA,846,5,1482,,
Siskiyou, CA,4405,5.1,19505,,
Solano, CA,10940,5.6,141758,,
Sonoma, CA,18747,5.2,185825,,
Stanislaus, CA,14323,5.4,165180,,
Sutter, CA,2421,5.5,31437,,
Tehama, CA,3220,5,23767,,
Trinity, CA,2598,4.7,6083,,
Tulare, CA,11344,5.2,130352,,
Tuolumne, CA,9088,5.2,22156,,
Ventura, CA,14775,5.7,266920,,
Yolo, CA,4182,5.2,70872,,
Yuba, CA,3328,5.2,24307,,
COLORADO,,240030,5.7,1972868,,
Adams, CO,9372,5.7,153764,,
Alamosa, CO,559,4.8,5995,,
Arapahoe, CO,14290,5.9,224011,,
Archuleta, CO,3495,5.4,5267,,
Baca, CO,563,5.5,1685,,
Bent, CO,410,5.2,1832,,
Boulder, CO,7771,5.8,119300,,
Broomfield, CO,1232,6.5,21414,,
Chaffee, CO,2419,5.1,7601,,
Cheyenne, CO,189,5.8,786,,
Clear Creek, CO,1477,5.2,4208,,
Conejos, CO,1168,5.3,3118,,
Costilla, CO,1063,4.9,1550,,
Crowley, CO,253,5.3,1306,,
Custer, CO,2031,4.9,1925,,
Delta, CO,1869,5.4,12703,,
Denver, CO,22690,4.9,263107,,
Dolores, CO,569,5,899,,
Douglas, CO,4841,7.2,102018,,
Eagle, CO,12076,5.1,19236,,
Elbert, CO,559,6.6,8380,,
El Paso, CO,16893,6.1,235959,,
Fremont, CO,2660,5.3,16582,,
Garfield, CO,2950,5.3,20359,,
Gilpin, CO,1100,5.3,2460,,
Grand, CO,9592,4.6,6469,,
Gunnison, CO,4896,4.6,6516,,
Hinsdale, CO,1026,5,362,,
Huerfano, CO,1938,5,3137,,
Jackson, CO,637,5.3,649,,
Jefferson, CO,11807,6.2,218160,,
Kiowa, CO,186,6.1,619,,
Kit Carson, CO,489,5.8,3038,,
Lake, CO,1318,4.9,2953,,
La Plata, CO,4760,5.1,21100,,
Larimer, CO,12427,5.8,120295,,
Las Animas, CO,1833,5.3,6384,,
Lincoln, CO,472,5.5,1948,,
Logan, CO,934,5.5,8047,,
Mesa, CO,4549,5.5,58095,,
Mineral, CO,846,5.5,355,,
Moffat, CO,731,5.6,5465,,
Montezuma, CO,1553,5.2,10541,,
Montrose, CO,1766,5.5,16484,,
Morgan, CO,1196,5.4,10294,,
Otero, CO,1240,5.3,7729,,
Ouray, CO,1061,5.8,2022,,
Park, CO,6773,4.8,7174,,
Phillips, CO,268,5.7,1819,,
Pitkin, CO,4801,5.1,8152,,
Prowers, CO,1007,5.2,4935,,
Pueblo, CO,6554,5.5,62972,,
Rio Blanco, CO,662,5.4,2647,,
Rio Grande, CO,1851,5.5,4779,,
Routt, CO,6411,5.2,9892,,
Saguache, CO,1203,5,2640,,
San Juan, CO,412,4.4,344,,
San Miguel, CO,3184,4.5,3454,,
Sedgwick, CO,322,5.7,1093,,
Summit, CO,18088,4.2,11754,,
Teller, CO,2838,5.8,9805,,
Washington, CO,454,5.8,1980,,
Weld, CO,6932,6,89349,,
Yuma, CO,514,5.9,3952,,
CONNECTICUT,,116804,5.7,1371087,,
Fairfield, CT,25676,5.9,335545,,
Hartford, CT,23395,5.5,350854,,
Litchfield, CT,10910,6,76640,,
Middlesex, CT,7635,5.9,67202,,
New Haven, CT,27502,5.5,334502,,
New London, CT,13937,5.7,107057,,
Tolland, CT,3486,6,54477,,
Windham, CT,4263,5.5,44810,,
DELAWARE,,63588,6,342297,,
Kent, DE,5060,6,60278,,
New Castle, DE,14860,6.2,202651,,
Sussex, DE,43668,5.8,79368,,
DISTRICT OF COLUMBIA,,30012,4.3,266707,,
District of Columbia,,30012,4.3,266707,,
FLORIDA,,1568778,5.1,7420802,,
Alachua, FL,12250,5,100516,,
Baker, FL,915,5.7,8772,,
Bay, FL,31212,4.9,68438,,
Bradford, FL,1532,5.3,9479,,
Brevard, FL,40172,5.4,229692,,
Broward, FL,124341,4.7,686047,,
Calhoun, FL,938,5.2,5061,,
Charlotte, FL,27262,5.2,73370,,
Citrus, FL,14722,5.2,63304,,
Clay, FL,6686,6.1,68792,,
Collier, FL,64119,5,133179,,
Columbia, FL,3695,5.3,24941,,
DeSoto, FL,3145,4.6,11445,,
Dixie, FL,3003,5.1,6316,,
Duval, FL,46036,5.5,342450,,
Escambia, FL,20465,5.4,116238,,
Flagler, FL,9409,5.8,39186,,
Franklin, FL,4398,5.2,4254,,
Gadsden, FL,2554,5.6,16952,,
Gilchrist, FL,1186,5.3,6121,,
Glades, FL,2446,4.4,4533,,
Gulf, FL,3775,4.9,5335,,
Hamilton, FL,1161,5.2,4617,,
Hardee, FL,1477,5,8245,,
Hendry, FL,2539,5.1,12025,,
Hernando, FL,12759,5.4,71745,,
Highlands, FL,12782,4.9,42604,,
Hillsborough, FL,62062,5.3,474030,,
Holmes, FL,1287,5.1,7354,,
Indian River, FL,16170,5.3,60176,,
Jackson, FL,3586,5.4,17417,,
Jefferson, FL,986,5.7,5646,,
Lafayette, FL,748,5.8,2580,,
Lake, FL,23707,5.3,121289,,
Lee, FL,111281,5.1,259818,,
Leon, FL,13191,5.2,110945,,
Levy, FL,3719,5.1,16404,,
Liberty, FL,832,4.8,2525,,
Madison, FL,1496,5.4,6985,,
Manatee, FL,36961,4.9,135729,,
Marion, FL,26324,5.3,137726,,
Martin, FL,14232,5.2,63899,,
Miami-Dade, FL,122083,4.6,867352,,
Monroe, FL,20135,4.2,32629,,
Nassau, FL,6215,5.8,28794,,
Okaloosa, FL,20028,5.4,72379,,
Okeechobee, FL,4496,4.9,14013,,
Orange, FL,65992,5.4,421847,,
Osceola, FL,37567,5.4,90603,,
Palm Beach, FL,120367,5,544227,,
Pasco, FL,39316,5.2,189612,,
Pinellas, FL,87758,4.9,415876,,
Polk, FL,53729,5.2,227485,,
Putnam, FL,7928,5.3,29409,,
St. Johns, FL,14492,5.7,75338,,
St. Lucie, FL,28506,5.4,108523,,
Santa Rosa, FL,7850,5.8,56910,,
Sarasota, FL,52667,5.1,175746,,
Seminole, FL,16601,5.7,164706,,
Sumter, FL,11665,4.9,41361,,
Suwannee, FL,3211,5.3,15953,,
Taylor, FL,3084,5.4,7920,,
Union, FL,460,5.4,4048,,
Volusia, FL,45990,5.3,208236,,
Wakulla, FL,2314,5.5,10490,,
Walton, FL,22831,5.1,22301,,
Washington, FL,1932,5.3,8864,,
GEORGIA,,503217,5.7,3585584,,
Appling, GA,1543,5.4,6969,,
Atkinson, GA,539,5,2983,,
Bacon, GA,587,5.3,4214,,
Baker, GA,280,5.2,1372,,
Baldwin, GA,3371,5.2,16788,,
Banks, GA,895,5.4,6700,,
Barrow, GA,2429,5.8,23971,,
Bartow, GA,4041,5.8,35782,,
Ben Hill, GA,1148,5.3,6794,,
Berrien, GA,1266,5.7,7443,,
Bibb, GA,9367,5.4,60295,,
Bleckley, GA,644,5.4,4660,,
Brantley, GA,1201,5.3,6885,,
Brooks, GA,1249,5.4,6457,,
Bryan, GA,1104,6,10738,,
Bulloch, GA,3219,5.4,25575,,
Burke, GA,1332,5.4,8533,,
Butts, GA,1476,5.5,7881,,
Calhoun, GA,407,5.5,2002,,
Camden, GA,3067,5.5,18047,,
Candler, GA,720,5.5,4041,,
Carroll, GA,5420,5.6,39187,,
Catoosa, GA,2131,5.6,24475,,
Charlton, GA,548,5.3,3927,,
Chatham, GA,16285,5.5,103038,,
Chattahoochee, GA,690,5.9,2686,,
Chattooga, GA,1429,4.7,9548,,
Cherokee, GA,6424,6.4,75936,,
Clarke, GA,5654,5,45414,,
Clay, GA,771,4.9,1331,,
Clayton, GA,14072,5.6,90633,,
Clinch, GA,435,5.6,2572,,
Cobb, GA,26434,6.2,260056,,
Coffee, GA,2244,5.3,14817,,
Colquitt, GA,1994,5.4,16317,,
Columbia, GA,3728,6.4,44898,,
Cook, GA,948,5.5,6339,,
Coweta, GA,4498,6.2,45673,,
Crawford, GA,470,5.6,4822,,
Crisp, GA,1655,5.4,9079,,
Dade, GA,1014,5.3,6291,,
Dawson, GA,1992,5.8,8433,,
Decatur, GA,1735,5.4,10390,,
DeKalb, GA,33159,5.7,271809,,
Dodge, GA,1680,5.3,8177,,
Dooly, GA,1042,5.5,5286,,
Dougherty, GA,4293,5.4,36508,,
Douglas, GA,5048,6,46624,,
Early, GA,747,5.4,4228,,
Echols, GA,229,5.2,1329,,
Effingham, GA,1792,5.8,18092,,
Elbert, GA,1520,5.3,8063,,
Emanuel, GA,1538,5.6,8430,,
Evans, GA,631,5.5,4033,,
Fannin, GA,6020,5.3,10187,,
Fayette, GA,2626,7.3,38167,,
Floyd, GA,4621,5.4,35930,,
Forsyth, GA,4619,7.2,59433,,
Franklin, GA,2013,5.4,8540,,
Fulton, GA,60728,5.3,376377,,
Gilmer, GA,5250,4.9,11314,,
Glascock, GA,357,5.5,1162,,
Glynn, GA,8942,5.5,31774,,
Gordon, GA,2563,5.4,19715,,
Grady, GA,1342,5.6,9418,,
Greene, GA,2169,5.8,6519,,
Gwinnett, GA,23028,6.5,268519,,
Habersham, GA,2674,5.4,15472,,
Hall, GA,8134,5.8,60691,,
Hancock, GA,2019,5.4,3341,,
Haralson, GA,1530,5.4,10757,,
Harris, GA,1574,6.2,11823,,
Hart, GA,2886,5.4,10121,,
Heard, GA,748,5.3,4400,,
Henry, GA,6278,6.4,70255,,
Houston, GA,5274,5.7,53051,,
Irwin, GA,538,5.7,3495,,
Jackson, GA,2409,5.8,21343,,
Jasper, GA,1109,5.4,5044,,
Jeff Davis, GA,799,5.2,5689,,
Jefferson, GA,1057,5.4,6241,,
Jenkins, GA,1029,5.7,3192,,
Johnson, GA,773,5.4,3347,,
Jones, GA,1102,6,10586,,
Lamar, GA,856,5.4,6618,,
Lanier, GA,641,5.5,3608,,
Laurens, GA,2727,5.6,18641,,
Lee, GA,570,5.8,9706,,
Liberty, GA,4576,5.2,22155,,
Lincoln, GA,1505,5.4,3281,,
Long, GA,1016,5.1,5023,,
Lowndes, GA,4174,5.6,39747,,
Lumpkin, GA,1936,5.4,10989,,
McDuffie, GA,1030,5.5,8289,,
McIntosh, GA,3249,5.1,5971,,
Macon, GA,1137,5.5,4999,,
Madison, GA,1276,5.4,10508,,
Marion, GA,736,5.4,3420,,
Meriwether, GA,1435,5.4,8522,,
Miller, GA,365,5.4,2426,,
Mitchell, GA,941,5.6,8055,,
Monroe, GA,1048,6.1,9662,,
Montgomery, GA,634,5.3,3287,,
Morgan, GA,812,5.9,6660,,
Murray, GA,1899,4.9,14080,,
Muscogee, GA,8609,5.4,74081,,
Newton, GA,3952,6,34390,,
Oconee, GA,761,6.4,11622,,
Oglethorpe, GA,837,5.5,5647,,
Paulding, GA,4025,5.9,48105,,
Peach, GA,1092,5.5,9958,,
Pickens, GA,2401,5.8,11291,,
Pierce, GA,903,5.6,7083,,
Pike, GA,633,5.8,6187,,
Polk, GA,1816,5.3,15092,,
Pulaski, GA,676,5.2,4475,,
Putnam, GA,4203,5.3,8601,,
Quitman, GA,994,4.8,1053,,
Rabun, GA,5533,5.2,6780,,
Randolph, GA,966,5.4,3187,,
Richmond, GA,9407,5.5,76924,,
Rockdale, GA,3245,6.2,30027,,
Schley, GA,336,5.5,1872,,
Screven, GA,1143,5.5,5596,,
Seminole, GA,1288,5.2,3509,,
Spalding, GA,3212,5.5,23565,,
Stephens, GA,2373,5.2,10289,,
Stewart, GA,521,5.1,1862,,
Sumter, GA,1786,5.3,12123,,
Talbot, GA,567,5.4,2832,,
Taliaferro, GA,256,5.4,759,,
Tattnall, GA,1756,5.1,8210,,
Taylor, GA,1041,5.2,3522,,
Telfair, GA,1754,5.1,5543,,
Terrell, GA,561,5.1,3519,,
Thomas, GA,2604,5.6,17573,,
Tift, GA,1598,5.4,14836,,
Toombs, GA,1769,5.2,10375,,
Towns, GA,3221,5.3,4510,,
Treutlen, GA,449,5.5,2543,,
Troup, GA,3218,5.5,24828,,
Turner, GA,502,5.6,3339,,
Twiggs, GA,601,5.5,3634,,
Union, GA,4936,5.3,9116,,
Upson, GA,1445,5.1,10716,,
Walker, GA,3603,5.4,26497,,
Walton, GA,2852,6,29583,,
Ware, GA,2672,5.3,13654,,
Warren, GA,670,5.4,2315,,
Washington, GA,1500,5.5,7547,,
Wayne, GA,1637,5.5,10562,,
Webster, GA,404,5.1,1119,,
Wheeler, GA,473,5.3,2152,,
White, GA,5416,5.5,10646,,
Whitfield, GA,4719,5.4,35180,,
Wilcox, GA,619,5.3,2891,,
Wilkes, GA,895,5.6,4263,,
Wilkinson, GA,821,5.6,3666,,
Worth, GA,1037,5.5,8214,,
HAWAII,,64170,4.6,455338,,
Hawaii, HI,15228,4.8,67096,,
Honolulu, HI,25852,4.7,311047,,
Kalawao, HI,44,2.5,69,,
Kauai, HI,6553,4.7,23240,,
Maui, HI,16493,4,53886,,
IDAHO,,88388,5.6,579408,,
Ada, ID,11026,5.8,148445,,
Adams, ID,888,5.1,1748,,
Bannock, ID,2509,5.9,30682,,
Bear Lake, ID,1633,5.9,2281,,
Benewah, ID,792,5.5,3837,,
Bingham, ID,1142,5.9,14999,,
Blaine, ID,6227,5,8823,,
Boise, ID,2318,4.9,2974,,
Bonner, ID,7569,5.2,17100,,
Bonneville, ID,3102,6.3,36629,,
Boundary, ID,754,5.2,4421,,
Butte, ID,225,5.6,1129,,
Camas, ID,344,5,487,,
Canyon, ID,5805,5.6,63604,,
Caribou, ID,620,5.9,2606,,
Cassia, ID,706,5.8,7666,,
Clark, ID,186,5.1,345,,
Clearwater, ID,793,5.3,3660,,
Custer, ID,1167,5.1,1936,,
Elmore, ID,2022,5.6,10140,,
Franklin, ID,449,6.7,4079,,
Fremont, ID,4095,5.3,4436,,
Gem, ID,604,5.8,6495,,
Gooding, ID,562,5.7,5531,,
Idaho, ID,1910,5.2,6834,,
Jefferson, ID,576,6.1,8146,,
Jerome, ID,561,5.8,7540,,
Kootenai, ID,8977,5.4,54200,,
Latah, ID,1280,5.1,14708,,
Lemhi, ID,1153,5.1,3576,,
Lewis, ID,223,5.4,1657,,
Lincoln, ID,271,5.6,1705,,
Madison, ID,669,5.3,10611,,
Minidoka, ID,495,5.5,7170,,
Nez Perce, ID,1197,5.4,16241,,
Oneida, ID,361,6.1,1545,,
Owyhee, ID,705,5.4,4076,,
Payette, ID,683,5.4,8262,,
Power, ID,303,5.8,2641,,
Shoshone, ID,1456,5.2,5605,,
Teton, ID,1827,5.3,3651,,
Twin Falls, ID,2312,5.7,28760,,
Valley, ID,7396,5,4393,,
Washington, ID,495,5.7,4034,,
ILLINOIS,,459743,5.5,4836972,,
Adams, IL,2467,5.7,27375,,
Alexander, IL,677,5.1,3329,,
Bond, IL,662,5.5,6427,,
Boone, IL,1465,6.1,18505,,
Brown, IL,363,5.4,2099,,
Bureau, IL,1458,6,14262,,
Calhoun, IL,750,5.1,2085,,
Carroll, IL,1815,6,6622,,
Cass, IL,566,5.7,5270,,
Champaign, IL,6904,5.2,80665,,
Christian, IL,1508,5.4,14055,,
Clark, IL,990,5.7,6782,,
Clay, IL,707,5.6,5697,,
Clinton, IL,1306,5.7,14005,,
Coles, IL,1962,5.2,21463,,
Cook, IL,214003,5.2,1966356,,
Crawford, IL,898,5.5,7763,,
Cumberland, IL,497,5.5,4377,,
DeKalb, IL,2595,5.5,38484,,
De Witt, IL,710,5.7,6811,,
Douglas, IL,670,5.8,7720,,
DuPage, IL,19047,6.1,337132,,
Edgar, IL,964,5.6,7839,,
Edwards, IL,347,5.6,2840,,
Effingham, IL,1055,5.7,13515,,
Fayette, IL,991,5.5,8311,,
Ford, IL,606,6.2,5676,,
Franklin, IL,1908,5.2,16617,,
Fulton, IL,1659,5.7,14536,,
Gallatin, IL,343,5.3,2403,,
Greene, IL,819,5.5,5570,,
Grundy, IL,1450,5.8,18546,,
Hamilton, IL,615,5.3,3489,,
Hancock, IL,1234,5.9,8040,,
Hardin, IL,573,5,1915,,
Henderson, IL,678,5.3,3149,,
Henry, IL,1788,6.1,20373,,
Iroquois, IL,1496,6,11956,,
Jackson, IL,3040,4.7,25538,,
Jasper, IL,405,5.6,3940,,
Jefferson, IL,1589,5.4,15365,,
Jersey, IL,1020,5.4,8828,,
Jo Daviess, IL,3821,6.1,9753,,
Johnson, IL,1014,5.3,4584,,
Kane, IL,11568,6.1,170479,,
Kankakee, IL,3735,5.6,41511,,
Kendall, IL,2299,6.7,38022,,
Knox, IL,2542,5.6,21535,,
Lake, IL,18598,6.3,241712,,
LaSalle, IL,4631,5.6,45347,,
Lawrence, IL,806,5.4,6130,,
Lee, IL,1291,6,13758,,
Livingston, IL,1282,5.9,14613,,
Logan, IL,1037,5.6,11070,,
McDonough, IL,1362,5.3,13057,,
McHenry, IL,6841,6.5,109199,,
McLean, IL,4552,5.8,65104,,
Macon, IL,4620,5.5,45855,,
Macoupin, IL,2203,5.5,19381,,
Madison, IL,9012,5.4,108094,,
Marion, IL,2148,5.4,16148,,
Marshall, IL,753,6,5161,,
Mason, IL,998,5.8,6079,,
Massac, IL,751,5.4,6362,,
Menard, IL,514,5.9,5140,,
Mercer, IL,624,6,6734,,
Monroe, IL,803,5.8,12589,,
Montgomery, IL,1428,5.6,11652,,
Morgan, IL,1411,5.5,14104,,
Moultrie, IL,502,5.7,5758,,
Ogle, IL,1705,6,20856,,
Peoria, IL,7241,5.5,75793,,
Perry, IL,1091,5.4,8335,,
Piatt, IL,487,6.1,6782,,
Pike, IL,1312,5.6,6639,,
Pope, IL,662,5,1829,,
Pulaski, IL,513,5.1,2642,,
Putnam, IL,565,5.5,2509,,
Randolph, IL,1393,5.4,12314,,
Richland, IL,787,5.6,6726,,
Rock Island, IL,4453,5.5,61303,,
St. Clair, IL,11204,5.4,105045,,
Saline, IL,1318,5.2,10379,,
Sangamon, IL,6915,5.5,82986,,
Schuyler, IL,419,5.7,3040,,
Scott, IL,245,5.8,2214,,
Shelby, IL,1180,5.6,9216,,
Stark, IL,249,6.4,2425,,
Stephenson, IL,2236,5.9,19845,,
Tazewell, IL,3370,5.8,54146,,
Union, IL,757,5.3,7167,,
Vermilion, IL,3663,5.5,32655,,
Wabash, IL,573,5.6,5012,,
Warren, IL,764,5.8,6918,,
Washington, IL,608,5.7,5926,,
Wayne, IL,873,5.3,7102,,
White, IL,868,5.3,6313,,
Whiteside, IL,2030,5.8,23740,,
Will, IL,12245,6.4,225256,,
Williamson, IL,2938,5.2,27421,,
Winnebago, IL,10464,5.6,115501,,
Woodford, IL,869,6.2,14276,,
INDIANA,,293387,5.6,2502154,,
Adams, IN,1003,5.9,12011,,
Allen, IN,14333,5.9,137851,,
Bartholomew, IN,3238,5.7,29860,,
Benton, IN,458,6.1,3479,,
Blackford, IN,815,5.5,5236,,
Boone, IN,1605,6.4,21149,,
Brown, IN,2086,5.5,6199,,
Carroll, IN,1572,5.8,7900,,
Cass, IN,1616,5.7,14858,,
Clark, IN,3528,5.4,44248,,
Clay, IN,1256,5.6,10447,,
Clinton, IN,1216,5.8,12105,,
Crawford, IN,1217,5.2,4303,,
Daviess, IN,1142,5.5,11329,,
Dearborn, IN,1428,5.8,18743,,
Decatur, IN,1232,5.5,9977,,
DeKalb, IN,1607,6,15951,,
Delaware, IN,5841,5.4,46516,,
Dubois, IN,1251,5.9,16133,,
Elkhart, IN,7523,5.7,70244,,
Fayette, IN,1179,5.5,9719,,
Floyd, IN,2489,5.7,29479,,
Fountain, IN,930,5.9,6935,,
Franklin, IN,959,5.7,8579,,
Fulton, IN,1471,5.8,8237,,
Gibson, IN,1390,5.5,13255,,
Grant, IN,3198,5.7,27245,,
Greene, IN,1724,5.3,13487,,
Hamilton, IN,6937,6.9,99835,,
Hancock, IN,1821,6.3,26304,,
Harrison, IN,1342,5.6,15192,,
Hendricks, IN,3086,6.2,52368,,
Henry, IN,2211,5.6,19077,,
Howard, IN,4378,5.6,34301,,
Huntington, IN,1587,6.1,14218,,
Jackson, IN,1701,5.4,16501,,
Jasper, IN,936,5.8,12232,,
Jay, IN,1088,5.8,8133,,
Jefferson, IN,1676,5.4,12635,,
Jennings, IN,1389,5.3,10680,,
Johnson, IN,4407,5.8,52242,,
Knox, IN,1789,5.4,15249,,
Kosciusko, IN,7841,5.8,29197,,
LaGrange, IN,2496,5.9,11598,,
Lake, IN,20593,5.5,188157,,
LaPorte, IN,6117,5.6,42331,,
Lawrence, IN,2263,5.4,18811,,
Madison, IN,7141,5.5,51927,,
Marion, IN,51686,5.3,366176,,
Marshall, IN,2439,5.9,17406,,
Martin, IN,570,5.3,4216,,
Miami, IN,2023,5.7,13456,,
Monroe, IN,4243,5.2,54864,,
Montgomery, IN,1556,5.8,14979,,
Morgan, IN,1989,5.8,25765,,
Newton, IN,527,5.9,5503,,
Noble, IN,2754,5.8,17355,,
Ohio, IN,307,5.6,2477,,
Orange, IN,1304,5.3,7872,,
Owen, IN,1605,5.1,8486,,
Parke, IN,1863,5.5,6222,,
Perry, IN,1019,5.3,7476,,
Pike, IN,549,5.2,5186,,
Porter, IN,4181,5.8,61998,,
Posey, IN,1036,5.7,10171,,
Pulaski, IN,778,5.5,5282,,
Putnam, IN,1789,5.6,12917,,
Randolph, IN,1292,5.8,10451,,
Ripley, IN,1163,5.7,10789,,
Rush, IN,741,6.3,6767,,
St. Joseph, IN,11780,5.6,103069,,
Scott, IN,1043,5.4,9397,,
Shelby, IN,1778,5.7,17302,,
Spencer, IN,790,5.5,8082,,
Starke, IN,1924,5.5,9038,,
Steuben, IN,6067,5.6,13310,,
Sullivan, IN,1116,5.4,7823,,
Switzerland, IN,935,5.4,4034,,
Tippecanoe, IN,5564,5.3,65532,,
Tipton, IN,622,6.1,6376,,
Union, IN,301,5.7,2938,,
Vanderburgh, IN,8549,5.2,74454,,
Vermillion, IN,869,5.4,6619,,
Vigo, IN,4645,5.2,41361,,
Wabash, IN,1394,5.9,12777,,
Warren, IN,343,5.9,3337,,
Warrick, IN,1698,5.9,22505,,
Washington, IN,1370,5.4,10850,,
Wayne, IN,3691,5.6,27551,,
Wells, IN,879,6.1,10780,,
White, IN,3229,5.5,9741,,
Whitley, IN,1280,6.1,13001,,
IOWA,,114841,5.8,1221576,,
Adair, IA,406,6,3292,,
Adams, IA,295,5.9,1715,,
Allamakee, IA,1772,5.7,5845,,
Appanoose, IA,1006,5.3,5627,,
Audubon, IA,355,6.3,2617,,
Benton, IA,793,6.1,10302,,
Black Hawk, IA,3417,5.5,52470,,
Boone, IA,1028,5.8,10728,,
Bremer, IA,530,6.3,9385,,
Buchanan, IA,807,6,8161,,
Buena Vista, IA,715,6,7522,,
Butler, IA,562,6.1,6120,,
Calhoun, IA,866,6,4242,,
Carroll, IA,693,6.3,8683,,
Cass, IA,611,6,5980,,
Cedar, IA,553,6.2,7511,,
Cerro Gordo, IA,2813,5.6,19350,,
Cherokee, IA,570,6.5,5207,,
Chickasaw, IA,475,6.2,5204,,
Clarke, IA,385,5.6,3701,,
Clay, IA,780,6,7282,,
Clayton, IA,1400,5.9,7599,,
Clinton, IA,1510,5.9,20223,,
Crawford, IA,530,6.1,6413,,
Dallas, IA,2020,6.1,25240,,
Davis, IA,399,5.7,3201,,
Decatur, IA,611,5.6,3223,,
Delaware, IA,966,6,7062,,
Des Moines, IA,1532,5.5,17003,,
Dickinson, IA,5295,5.7,7554,,
Dubuque, IA,2136,5.9,36815,,
Emmet, IA,522,6.1,4236,,
Fayette, IA,924,6,8634,,
Floyd, IA,640,6,6886,,
Franklin, IA,562,6,4332,,
Fremont, IA,367,5.9,3064,,
Greene, IA,550,6,3996,,
Grundy, IA,399,6.3,5131,,
Guthrie, IA,1212,6.1,4544,,
Hamilton, IA,679,5.9,6540,,
Hancock, IA,589,6,4741,,
Hardin, IA,928,6.1,7296,,
Harrison, IA,744,6,5987,,
Henry, IA,614,5.8,7666,,
Howard, IA,423,6.1,3944,,
Humboldt, IA,475,6.3,4209,,
Ida, IA,374,6.3,3052,,
Iowa, IA,581,6.1,6677,,
Jackson, IA,1126,5.7,8289,,
Jasper, IA,1375,5.7,14806,,
Jefferson, IA,748,5.6,6846,,
Johnson, IA,3252,5.3,52715,,
Jones, IA,730,6.1,8181,,
Keokuk, IA,523,6.2,4408,,
Kossuth, IA,789,6.2,6697,,
Lee, IA,1595,5.6,14610,,
Linn, IA,6117,5.6,86134,,
Louisa, IA,656,5.7,4346,,
Lucas, IA,549,5.5,3689,,
Lyon, IA,406,6.7,4442,,
Madison, IA,529,6,6025,,
Mahaska, IA,791,5.8,8975,,
Marion, IA,1191,5.8,12723,,
Marshall, IA,1293,5.8,15538,,
Mills, IA,504,6.2,5605,,
Mitchell, IA,455,6.5,4395,,
Monona, IA,647,6,4050,,
Monroe, IA,671,5.6,3213,,
Montgomery, IA,681,5.9,4558,,
Muscatine, IA,1498,5.8,16412,,
O'Brien, IA,580,6.4,6069,,
Osceola, IA,308,6.1,2682,,
Page, IA,788,5.8,6393,,
Palo Alto, IA,634,6,3994,,
Plymouth, IA,675,6.4,9875,,
Pocahontas, IA,561,6.3,3233,,
Polk, IA,12065,5.4,170197,,
Pottawattamie, IA,2555,5.6,36775,,
Poweshiek, IA,1394,5.7,7555,,
Ringgold, IA,566,5.8,2047,,
Sac, IA,947,6.1,4482,,
Scott, IA,5070,5.8,66765,,
Shelby, IA,457,6.4,5085,,
Sioux, IA,695,6.6,11584,,
Story, IA,2053,5.3,34736,,
Tama, IA,819,6.1,6947,,
Taylor, IA,428,6.1,2679,,
Union, IA,666,5.6,5271,,
Van Buren, IA,562,5.7,3108,,
Wapello, IA,1546,5.3,14552,,
Warren, IA,1109,6,17262,,
Washington, IA,775,6,8741,,
Wayne, IA,560,5.5,2652,,
Webster, IA,1455,5.7,15580,,
Winnebago, IA,597,6.1,4597,,
Winneshiek, IA,724,6.3,7997,,
Woodbury, IA,2432,5.6,39052,,
Worth, IA,376,6.1,3172,,
Wright, IA,904,6.1,5625,,
KANSAS,,121119,5.7,1112096,,
Allen, KS,751,5.7,5475,,
Anderson, KS,460,5.9,3260,,
Atchison, KS,749,5.9,6241,,
Barber, KS,626,6,2139,,
Barton, KS,1413,5.6,11283,,
Bourbon, KS,1181,5.6,5986,,
Brown, KS,685,6,4094,,
Butler, KS,2066,5.9,23992,,
Chase, KS,353,5.5,1150,,
Chautauqua, KS,538,5.3,1612,,
Cherokee, KS,1265,5.3,8625,,
Cheyenne, KS,258,6,1260,,
Clark, KS,212,5.9,923,,
Clay, KS,483,5.9,3559,,
Cloud, KS,749,6.1,3910,,
Coffey, KS,467,5.8,3497,,
Comanche, KS,220,5.4,824,,
Cowley, KS,2090,5.4,13940,,
Crawford, KS,2072,5.4,15729,,
Decatur, KS,440,6.1,1378,,
Dickinson, KS,899,5.8,8073,,
Doniphan, KS,440,5.6,3136,,
Douglas, KS,3155,5.4,43576,,
Edwards, KS,334,5.9,1302,,
Elk, KS,476,5.2,1284,,
Ellis, KS,964,5.7,11908,,
Ellsworth, KS,776,5.7,2463,,
Finney, KS,917,5.9,12359,,
Ford, KS,860,5.3,11145,,
Franklin, KS,1043,5.7,10104,,
Geary, KS,1827,5.1,12690,,
Gove, KS,219,6.3,1154,,
Graham, KS,288,5.7,1196,,
Grant, KS,229,5.7,2716,,
Gray, KS,187,6,2153,,
Greeley, KS,104,6.1,525,,
Greenwood, KS,1080,5.1,2988,,
Hamilton, KS,176,5.7,1060,,
Harper, KS,571,5.6,2545,,
Harvey, KS,1116,5.8,13411,,
Haskell, KS,156,5.6,1510,,
Hodgeman, KS,170,5.8,803,,
Jackson, KS,551,5.8,5228,,
Jefferson, KS,794,6,7366,,
Jewell, KS,582,6.1,1450,,
Johnson, KS,13689,6.5,212882,,
Kearny, KS,156,5.7,1400,,
Kingman, KS,591,5.9,3227,,
Kiowa, KS,206,6,1014,,
Labette, KS,1270,5.4,8822,,
Lane, KS,191,5.8,799,,
Leavenworth, KS,2250,6,26447,,
Lincoln, KS,441,6.2,1423,,
Linn, KS,1426,5.5,4020,,
Logan, KS,222,6.3,1219,,
Lyon, KS,1934,5.2,13303,,
McPherson, KS,973,6.1,11748,,
Marion, KS,941,5.9,5005,,
Marshall, KS,566,5.9,4300,,
Meade, KS,285,6,1713,,
Miami, KS,1029,5.7,12161,,
Mitchell, KS,506,6,2790,,
Montgomery, KS,2196,5.5,14382,,
Morris, KS,652,5.6,2554,,
Morton, KS,217,5.3,1250,,
Nemaha, KS,447,6.2,4115,,
Neosho, KS,868,5.5,6645,,
Ness, KS,375,5.8,1365,,
Norton, KS,379,5.8,2163,,
Osage, KS,951,5.7,6552,,
Osborne, KS,464,5.8,1742,,
Ottawa, KS,323,6.3,2456,,
Pawnee, KS,487,5.5,2665,,
Phillips, KS,617,6,2432,,
Pottawatomie, KS,748,5.7,7878,,
Pratt, KS,558,5.7,3956,,
Rawlins, KS,282,6.3,1176,,
Reno, KS,2480,5.6,25794,,
Republic, KS,603,6,2274,,
Rice, KS,642,5.8,3906,,
Riley, KS,2416,5.2,25796,,
Rooks, KS,530,6.1,2238,,
Rush, KS,358,5.9,1511,,
Russell, KS,737,5.7,3173,,
Saline, KS,1685,5.5,22416,,
Scott, KS,210,6.6,1983,,
Sedgwick, KS,18091,5.6,193502,,
Seward, KS,601,5.1,7460,,
Shawnee, KS,6540,5.5,72600,,
Sheridan, KS,166,6.2,1099,,
Sherman, KS,540,5.8,2608,,
Smith, KS,484,6,1748,,
Stafford, KS,412,6,1907,,
Stanton, KS,165,5.7,825,,
Stevens, KS,262,5.4,2044,,
Sumner, KS,1411,5.6,9454,,
Thomas, KS,340,5.7,3196,,
Trego, KS,324,5.6,1358,,
Wabaunsee, KS,490,5.8,2737,,
Wallace, KS,161,6,620,,
Washington, KS,481,5.9,2474,,
Wichita, KS,163,5.6,891,,
Wilson, KS,749,5.3,3933,,
Woodson, KS,498,5.3,1524,,
Wyandotte, KS,8348,5.3,58399,,
KENTUCKY,,207199,5.4,1719965,,
Adair, KY,1283,5.2,7285,,
Allen, KY,1459,5.3,7848,,
Anderson, KY,758,5.6,8369,,
Ballard, KY,488,5.3,3397,,
Barren, KY,2189,5.6,16999,,
Bath, KY,818,5.4,4587,,
Bell, KY,1367,5.1,11787,,
Boone, KY,2938,6.1,43216,,
Bourbon, KY,951,5.3,7976,,
Boyd, KY,2016,5.7,19787,,
Boyle, KY,1237,5.5,11075,,
Bracken, KY,523,5.7,3317,,
Breathitt, KY,737,5.4,5494,,
Breckinridge, KY,2803,5.1,7827,,
Bullitt, KY,1645,5.5,27673,,
Butler, KY,820,5.4,5057,,
Caldwell, KY,899,5.4,5393,,
Calloway, KY,2535,5.4,15530,,
Campbell, KY,3454,5.6,36069,,
Carlisle, KY,325,5.4,2116,,
Carroll, KY,635,5.3,4061,,
Carter, KY,1551,5.4,10760,,
Casey, KY,1136,5.7,6351,,
Christian, KY,3315,5.3,26144,,
Clark, KY,1439,5.5,14267,,
Clay, KY,1143,5.2,7732,,
Clinton, KY,953,5.2,4358,,
Crittenden, KY,788,5.4,3781,,
Cumberland, KY,807,5.4,2883,,
Daviess, KY,2833,5.3,38619,,
Edmonson, KY,1610,5,4857,,
Elliott, KY,598,5.1,2773,,
Estill, KY,881,5.3,5984,,
Fayette, KY,12117,5.3,123043,,
Fleming, KY,894,5.7,5729,,
Floyd, KY,2115,5.2,16060,,
Franklin, KY,2502,5.4,20662,,
Fulton, KY,508,5.5,2864,,
Gallatin, KY,626,5.4,3160,,
Garrard, KY,795,5.4,6668,,
Grant, KY,1328,5.4,8614,,
Graves, KY,1799,5.5,14978,,
Grayson, KY,3479,5.2,10082,,
Green, KY,723,5.7,4601,,
Greenup, KY,1659,5.7,14671,,
Hancock, KY,449,5.5,3285,,
Hardin, KY,3408,5.6,39853,,
Harlan, KY,1724,5.3,11789,,
Harrison, KY,865,5.5,7343,,
Hart, KY,1462,5.4,7097,,
Henderson, KY,1615,5.3,18705,,
Henry, KY,677,5.7,5963,,
Hickman, KY,314,5.8,2028,,
Hopkins, KY,2200,5.5,18980,,
Jackson, KY,1037,5.2,5486,,
Jefferson, KY,28441,5.4,309175,,
Jessamine, KY,1689,5.6,17642,,
Johnson, KY,1262,5.3,9362,,
Kenton, KY,6207,5.7,62768,,
Knott, KY,1047,5.3,6414,,
Knox, KY,1763,5.1,12722,,
Larue, KY,557,5.5,5615,,
Laurel, KY,2432,5.4,23014,,
Lawrence, KY,1047,5.3,6239,,
Lee, KY,526,5.5,2910,,
Leslie, KY,723,5.1,4555,,
Letcher, KY,1587,5.3,10014,,
Lewis, KY,984,5.2,5497,,
Lincoln, KY,1042,5.4,9777,,
Livingston, KY,839,5.5,3985,,
Logan, KY,1673,5.5,10666,,
Lyon, KY,1504,5.2,3287,,
McCracken, KY,2852,5.4,28227,,
McCreary, KY,1030,5.2,6477,,
McLean, KY,431,5.5,3833,,
Madison, KY,3070,5.3,31973,,
Magoffin, KY,641,5.3,5309,,
Marion, KY,824,5.5,7358,,
Marshall, KY,2675,5.6,13073,,
Martin, KY,648,5,4516,,
Mason, KY,1074,5.6,7031,,
Meade, KY,1291,5.4,10471,,
Menifee, KY,1304,4.8,2440,,
Mercer, KY,1259,5.7,8682,,
Metcalfe, KY,626,5.3,4055,,
Monroe, KY,695,5.4,4509,,
Montgomery, KY,1264,5.5,10435,,
Morgan, KY,970,5.3,4860,,
Muhlenberg, KY,1647,5.4,12052,,
Nelson, KY,1249,5.5,16826,,
Nicholas, KY,452,5.6,2809,,
Ohio, KY,1043,5.3,9176,,
Oldham, KY,1257,7.1,19431,,
Owen, KY,1338,5.5,4296,,
Owsley, KY,414,5.2,1914,,
Pendleton, KY,845,5.5,5494,,
Perry, KY,1472,5.1,11319,,
Pike, KY,3576,5.3,26728,,
Powell, KY,764,5.3,4834,,
Pulaski, KY,5721,5.4,25722,,
Robertson, KY,193,5.4,902,,
Rockcastle, KY,953,5.3,6750,,
Rowan, KY,1238,5.1,8864,,
Russell, KY,2592,5.2,7401,,
Scott, KY,1895,5.8,17408,,
Shelby, KY,1285,5.9,15321,,
Simpson, KY,682,5.7,6753,,
Spencer, KY,539,5.7,6165,,
Taylor, KY,1032,5.3,9832,,
Todd, KY,639,5.4,4647,,
Trigg, KY,1927,5.4,5883,,
Trimble, KY,510,5.4,3420,,
Union, KY,592,5.7,5549,,
Warren, KY,3549,5.4,43674,,
Washington, KY,537,5.7,4507,,
Wayne, KY,2296,5.1,8646,,
Webster, KY,664,5.3,5272,,
Whitley, KY,1591,5.2,13575,,
Wolfe, KY,595,5.2,3065,,
Woodford, KY,905,6.1,9806,,
LOUISIANA,,236621,5.3,1728360,,
Acadia, LA,2546,5.1,22841,,
Allen, LA,1217,5.2,8516,,
Ascension, LA,2994,5.4,37790,,
Assumption, LA,1615,5.1,8736,,
Avoyelles, LA,2610,5.1,15432,,
Beauregard, LA,1881,5.3,13159,,
Bienville, LA,1880,5.2,5838,,
Bossier, LA,4136,5.3,45215,,
Caddo, LA,9889,5.3,102139,,
Calcasieu, LA,8062,5.3,73996,,
Caldwell, LA,1089,5.1,3905,,
Cameron, LA,1018,5.1,2575,,
Catahoula, LA,1043,5.2,3834,,
Claiborne, LA,1744,5.3,6017,,
Concordia, LA,1770,5.2,7613,,
De Soto, LA,1728,5.4,10562,,
East Baton Rouge, LA,15296,5.3,172057,,
East Carroll, LA,352,5.1,2552,,
East Feliciana, LA,992,5.3,7022,,
Evangeline, LA,1833,5,12829,,
Franklin, LA,1130,5.2,7904,,
Grant, LA,1390,5.3,7496,,
Iberia, LA,2920,5.3,26778,,
Iberville, LA,1635,5.2,11072,,
Jackson, LA,1419,5.1,6261,,
Jefferson, LA,19488,5.4,169647,,
Jefferson Davis, LA,1535,5.3,11771,,
Lafayette, LA,6629,5.2,87027,,
Lafourche, LA,3096,5.2,35486,,
La Salle, LA,1092,5.3,5468,,
Lincoln, LA,1880,5.1,17599,,
Livingston, LA,4163,5.2,46007,,
Madison, LA,779,5.3,4025,,
Morehouse, LA,1570,5.1,10853,,
Natchitoches, LA,2973,5.1,15614,,
Orleans, LA,47738,5,142158,,
Ouachita, LA,5790,5.2,58691,,
Plaquemines, LA,1519,5.8,8077,,
Pointe Coupee, LA,2048,5.1,9082,,
Rapides, LA,5283,5.3,50401,,
Red River, LA,656,5.5,3472,,
Richland, LA,1070,5.4,7551,,
Sabine, LA,4508,5,9622,,
St. Bernard, LA,3573,5.4,13221,,
St. Charles, LA,1339,5.9,18557,,
St. Helena, LA,817,4.9,4333,,
St. James, LA,738,5.5,7717,,
St. John the Baptist, LA,1545,5.5,15965,,
St. Landry, LA,3835,5,31857,,
St. Martin, LA,2725,5.2,19216,,
St. Mary, LA,2571,5.2,20457,,
St. Tammany, LA,7891,5.9,87521,,
Tangipahoa, LA,4938,5.2,45135,,
Tensas, LA,1185,5.3,2172,,
Terrebonne, LA,3796,5.3,40091,,
Union, LA,2202,5.2,9144,,
Vermilion, LA,3346,5.2,21889,,
Vernon, LA,2268,5.1,19165,,
Washington, LA,2926,5.3,18113,,
Webster, LA,2799,5.1,16537,,
West Baton Rouge, LA,636,5.3,8688,,
West Carroll, LA,594,5.4,4452,,
West Feliciana, LA,1126,5.3,3971,,
Winn, LA,1765,5.1,5469,,
MAINE,,164611,5.3,557219,,
Androscoggin, ME,4775,5.1,44315,,
Aroostook, ME,8568,5.1,30961,,
Cumberland, ME,21318,5.5,117339,,
Franklin, ME,8709,5,13000,,
Hancock, ME,15963,5.2,24221,,
Kennebec, ME,9844,5.3,51128,,
Knox, ME,6486,5.4,17258,,
Lincoln, ME,8344,5.5,15149,,
Oxford, ME,11755,5.1,24300,,
Penobscot, ME,10894,5.2,62966,,
Piscataquis, ME,7515,5,7825,,
Sagadahoc, ME,3200,5.4,15088,,
Somerset, ME,8642,5.1,21927,,
Waldo, ME,5135,5.3,16431,,
Washington, ME,8699,5,14302,,
York, ME,24764,5.4,81009,,
MARYLAND,,222403,6.1,2156411,,
Allegany, MD,4134,5.8,29177,,
Anne Arundel, MD,13184,6.4,199378,,
Baltimore, MD,18907,6.1,316715,,
Calvert, MD,2907,6.9,30873,,
Caroline, MD,1324,6,12158,,
Carroll, MD,2620,7,59786,,
Cecil, MD,4236,6.1,36867,,
Charles, MD,3749,6.9,51214,,
Dorchester, MD,3032,5.7,13522,,
Frederick, MD,5336,6.7,84800,,
Garrett, MD,6797,5.7,12057,,
Harford, MD,5336,6.7,90218,,
Howard, MD,4533,7,104749,,
Kent, MD,2384,6.1,8165,,
Montgomery, MD,18819,6.4,357086,,
Prince George's, MD,24140,6,304042,,
Queen Anne's, MD,2124,6.3,18016,,
St. Mary's, MD,3678,6.1,37604,,
Somerset, MD,2342,5.7,8788,,
Talbot, MD,3420,6.2,16157,,
Washington, MD,5127,5.8,55687,,
Wicomico, MD,3972,5.7,37220,,
Worcester, MD,33520,4.5,22229,,
Baltimore city, MD,46782,5.5,249903,,
MASSACHUSETTS,,261179,5.6,2547075,,
Barnstable, MA,64526,5.8,95755,,
Berkshire, MA,12417,5.7,56091,,
Bristol, MA,17525,5.5,213010,,
Dukes, MA,9820,5.7,7368,,
Essex, MA,20798,5.6,285956,,
Franklin, MA,3296,5.6,30462,,
Hampden, MA,12248,5.3,179927,,
Hampshire, MA,3901,5.5,58702,,
Middlesex, MA,31316,5.7,580688,,
Nantucket, MA,7389,6.3,4229,,
Norfolk, MA,12445,6,257914,,
Plymouth, MA,19035,6,181126,,
Suffolk, MA,22755,4.4,292767,,
Worcester, MA,23708,5.7,303080,,
MICHIGAN,,659725,5.6,3872508,,
Alcona, MI,5984,5.1,5089,,
Alger, MI,2656,5.3,3898,,
Allegan, MI,7408,5.9,42018,,
Alpena, MI,3262,5.5,12791,,
Antrim, MI,7934,5.1,9890,,
Arenac, MI,3102,5.4,6701,,
Baraga, MI,1826,5.2,3444,,
Barry, MI,4459,5.9,22551,,
Bay, MI,3617,5.6,44603,,
Benzie, MI,4901,5.1,7298,,
Berrien, MI,13868,5.5,63054,,
Branch, MI,4422,5.7,16419,,
Calhoun, MI,7026,5.7,54016,,
Cass, MI,5283,5.8,20604,,
Charlevoix, MI,6367,5.6,10882,,
Cheboygan, MI,7165,5.3,11133,,
Chippewa, MI,6924,5.2,14329,,
Clare, MI,10267,4.6,12966,,
Clinton, MI,1929,6.2,28766,,
Crawford, MI,5076,5,6016,,
Delta, MI,4222,5.4,15992,,
Dickinson, MI,2631,5.3,11359,,
Eaton, MI,3556,5.9,43494,,
Emmet, MI,7703,5.5,13601,,
Genesee, MI,22978,5.6,169202,,
Gladwin, MI,6919,5.3,10753,,
Gogebic, MI,3758,5.2,7037,,
Grand Traverse, MI,6271,5.5,35328,,
Gratiot, MI,1487,5.9,14852,,
Hillsdale, MI,3965,5.9,17792,,
Houghton, MI,4404,5.4,14232,,
Huron, MI,6851,5.8,14348,,
Ingham, MI,10119,5.4,111162,,
Ionia, MI,2634,6,22144,,
Iosco, MI,8686,5.1,11757,,
Iron, MI,3620,5.5,5577,,
Isabella, MI,2795,5.5,25586,,
Jackson, MI,8687,5.8,60771,,
Kalamazoo, MI,9397,5.6,100610,,
Kalkaska, MI,5209,4.7,6962,,
Kent, MI,19662,5.9,227239,,
Keweenaw, MI,1454,4.7,1013,,
Lake, MI,9808,4.1,5158,,
Lapeer, MI,3556,6,32776,,
Leelanau, MI,5680,5.5,9255,,
Lenawee, MI,5938,6,37514,,
Livingston, MI,5429,6.3,67380,,
Luce, MI,1931,5.4,2412,,
Mackinac, MI,5986,5.2,5024,,
Macomb, MI,24959,5.5,331667,,
Manistee, MI,5386,5.2,10308,,
Marquette, MI,6792,5.4,27538,,
Mason, MI,5353,5.3,11940,,
Mecosta, MI,5030,5.4,16101,,
Menominee, MI,3753,5.3,10474,,
Midland, MI,2523,5.8,33437,,
Missaukee, MI,3274,5.1,5843,,
Monroe, MI,4741,6,58230,,
Montcalm, MI,4789,5.6,23432,,
Montmorency, MI,5181,4.8,4416,,
Muskegon, MI,7945,5.5,65616,,
Newaygo, MI,6669,5.3,18406,,
Oakland, MI,43557,5.9,483698,,
Oceana, MI,5770,5.5,10174,,
Ogemaw, MI,6764,5,9283,,
Ontonagon, MI,2414,5,3258,,
Osceola, MI,4410,5,9222,,
Oscoda, MI,5346,4.5,3772,,
Otsego, MI,4975,5.3,9756,,
Ottawa, MI,8720,6.1,93775,,
Presque Isle, MI,4446,5.1,5982,,
Roscommon, MI,13026,4.6,11433,,
Saginaw, MI,7833,5.7,79011,,
St. Clair, MI,7981,5.8,63841,,
St. Joseph, MI,4534,5.8,23244,,
Sanilac, MI,5593,5.8,17132,,
Schoolcraft, MI,2554,5.2,3759,,
Shiawassee, MI,2838,5.8,27481,,
Tuscola, MI,2861,5.9,21590,,
Van Buren, MI,7857,5.7,28928,,
Washtenaw, MI,10380,5.5,137193,,
Wayne, MI,118944,5.6,702749,,
Wexford, MI,3715,5.2,13021,,
MINNESOTA,,259974,5.9,2087227,,
Aitkin, MN,8730,4.8,7299,,
Anoka, MN,5461,6.5,121227,,
Becker, MN,5560,5.5,13224,,
Beltrami, MN,3681,5.4,16846,,
Benton, MN,1061,5.6,15079,,
Big Stone, MN,822,5.8,2293,,
Blue Earth, MN,1757,5.8,24445,,
Brown, MN,711,6.2,10782,,
Carlton, MN,2118,5.4,13538,,
Carver, MN,1645,6.9,32891,,
Cass, MN,12955,5.1,11948,,
Chippewa, MN,480,6.1,5241,,
Chisago, MN,1702,6.3,19470,,
Clay, MN,1680,6,22279,,
Clearwater, MN,1246,5.3,3527,,
Cook, MN,3345,4.2,2494,,
Cottonwood, MN,555,6.1,4857,,
Crow Wing, MN,14147,5.3,26033,,
Dakota, MN,7538,6.4,152060,,
Dodge, MN,487,6.5,7460,,
Douglas, MN,4616,5.9,15289,,
Faribault, MN,854,6.1,6236,,
Fillmore, MN,1187,6.3,8545,,
Freeborn, MN,1054,5.8,13177,,
Goodhue, MN,1607,6.3,18730,,
Grant, MN,723,6,2601,,
Hennepin, MN,33556,5.7,475913,,
Houston, MN,752,6.1,7849,,
Hubbard, MN,5961,5.2,8661,,
Isanti, MN,1349,6,13972,,
Itasca, MN,8292,5.2,18773,,
Jackson, MN,561,6,4429,,
Kanabec, MN,1436,5.4,6413,,
Kandiyohi, MN,2744,6,16732,,
Kittson, MN,619,5.8,1986,,
Koochiching, MN,2026,5.2,5874,,
Lac qui Parle, MN,537,6.3,3155,,
Lake, MN,2856,4.9,4825,,
Lake of the Woods, MN,1888,5.3,1784,,
Le Sueur, MN,1658,6.1,10758,,
Lincoln, MN,534,6.2,2574,,
Lyon, MN,871,6.1,10227,,
McLeod, MN,1121,6.2,14639,,
Mahnomen, MN,767,5.1,2019,,
Marshall, MN,831,5.8,3981,,
Martin, MN,974,6.2,9035,,
Meeker, MN,1498,6.1,9176,,
Mille Lacs, MN,2584,5.4,10166,,
Morrison, MN,2651,5.8,13080,,
Mower, MN,1199,5.7,15828,,
Murray, MN,839,6.2,3717,,
Nicollet, MN,672,6.5,12201,,
Nobles, MN,589,5.8,7946,,
Norman, MN,558,6.2,2863,,
Olmsted, MN,3415,6.4,57080,,
Otter Tail, MN,11539,5.3,24055,,
Pennington, MN,461,5.5,5836,,
Pine, MN,5903,5.1,11373,,
Pipestone, MN,429,6,4054,,
Polk, MN,1906,5.6,12704,,
Pope, MN,1699,5.8,4736,,
Ramsey, MN,14506,5.4,202691,,
Red Lake, MN,211,5.8,1737,,
Redwood, MN,692,6.2,6580,,
Renville, MN,791,6.1,6564,,
Rice, MN,2138,6.2,22315,,
Rock, MN,344,6.3,3918,,
Roseau, MN,1169,5.6,6300,,
St. Louis, MN,18275,5.3,84783,,
Scott, MN,2016,7,45108,,
Sherburne, MN,2167,6.5,30212,,
Sibley, MN,548,6.3,6034,,
Stearns, MN,5742,5.9,56232,,
Steele, MN,1013,6.4,14330,,
Stevens, MN,434,6,3726,,
Swift, MN,599,5.9,4236,,
Todd, MN,3161,5.6,9756,,
Traverse, MN,549,5.8,1524,,
Wabasha, MN,1175,6.1,8822,,
Wadena, MN,1194,5.4,5705,,
Waseca, MN,622,6.2,7281,,
Washington, MN,4515,6.7,87859,,
Watonwan, MN,527,6.1,4520,,
Wilkin, MN,388,6.1,2690,,
Winona, MN,1206,5.8,19554,,
Wright, MN,4527,6.5,44473,,
Yellow Medicine, MN,468,6.3,4292,,
MISSISSIPPI,,158951,5.4,1115768,,
Adams, MS,2013,5.3,12643,,
Alcorn, MS,2038,5.3,15039,,
Amite, MS,1284,5.5,5351,,
Attala, MS,1507,5.3,7619,,
Benton, MS,782,5.3,3404,,
Bolivar, MS,1343,5.1,12727,,
Calhoun, MS,925,5.2,5988,,
Carroll, MS,864,5.4,4188,,
Chickasaw, MS,875,5.3,6639,,
Choctaw, MS,704,5.2,3446,,
Claiborne, MS,783,5.4,3440,,
Clarke, MS,1143,5.3,6733,,
Clay, MS,1151,5.3,8029,,
Coahoma, MS,1331,5.2,9461,,
Copiah, MS,1476,5.3,10708,,
Covington, MS,1066,5.4,7430,,
DeSoto, MS,3886,5.8,57748,,
Forrest, MS,3543,5.1,28746,,
Franklin, MS,943,5.2,3211,,
George, MS,1348,5.5,7982,,
Greene, MS,817,5.3,4306,,
Grenada, MS,1376,5.4,8779,,
Hancock, MS,4460,5.3,17380,,
Harrison, MS,13705,5.3,71476,,
Hinds, MS,12070,5.4,91351,,
Holmes, MS,1489,5.2,6926,,
Humphreys, MS,482,5.3,3373,,
Issaquena, MS,88,5.1,472,,
Itawamba, MS,1245,5.4,8881,,
Jackson, MS,7862,5.4,52205,,
Jasper, MS,1414,5.4,6798,,
Jefferson, MS,744,5.2,2929,,
Jefferson Davis, MS,899,5.3,4977,,
Jones, MS,3177,5.4,25247,,
Kemper, MS,802,5.3,3920,,
Lafayette, MS,4373,5.1,18356,,
Lamar, MS,2528,5.7,21542,,
Lauderdale, MS,3608,5.3,31090,,
Lawrence, MS,941,5.2,5078,,
Leake, MS,1143,5.3,8272,,
Lee, MS,3786,5.4,32086,,
Leflore, MS,1622,5.1,11577,,
Lincoln, MS,1959,5.4,13296,,
Lowndes, MS,3069,5.4,23487,,
Madison, MS,2729,5.7,35829,,
Marion, MS,1703,5.4,10135,,
Marshall, MS,1512,5.4,13369,,
Monroe, MS,1970,5.4,14485,,
Montgomery, MS,756,5.4,4438,,
Neshoba, MS,1501,5.2,10856,,
Newton, MS,1159,5.4,8214,,
Noxubee, MS,865,5.2,4305,,
Oktibbeha, MS,2127,5,18820,,
Panola, MS,1858,5.2,12839,,
Pearl River, MS,3152,5.4,20816,,
Perry, MS,845,5.1,4674,,
Pike, MS,2491,5.4,15370,,
Pontotoc, MS,1268,5.4,11172,,
Prentiss, MS,1242,5.2,9812,,
Quitman, MS,531,5.2,3058,,
Rankin, MS,3651,5.5,52836,,
Scott, MS,1222,5.2,10248,,
Sharkey, MS,266,5.3,1834,,
Simpson, MS,1604,5.3,10330,,
Smith, MS,1016,5.3,6221,,
Stone, MS,996,5.3,6165,,
Sunflower, MS,863,5.2,8822,,
Tallahatchie, MS,674,5.3,4856,,
Tate, MS,912,5.4,10035,,
Tippah, MS,1099,5.2,8597,,
Tishomingo, MS,2147,5.3,8148,,
Tunica, MS,876,4.9,3927,,
Union, MS,1203,5.4,10317,,
Walthall, MS,1244,5.4,5888,,
Warren, MS,2955,5.3,18941,,
Washington, MS,2772,5.2,18936,,
Wayne, MS,1109,5.3,8104,,
Webster, MS,744,5.4,4060,,
Wilkinson, MS,1582,5.2,3455,,
Winston, MS,1251,5.4,7494,,
Yalobusha, MS,1178,5.2,5166,,
Yazoo, MS,1214,5.3,8860,,
MISSOURI,,337118,5.5,2375611,,
Adair, MO,1386,5.1,9877,,
Andrew, MO,606,5.8,6700,,
Atchison, MO,487,6,2498,,
Audrain, MO,1262,5.7,9590,,
Barry, MO,3466,5.4,14057,,
Barton, MO,671,5.9,4929,,
Bates, MO,1098,5.4,6744,,
Benton, MO,5701,5.1,8449,,
Bollinger, MO,1031,5.2,4847,,
Boone, MO,5474,5.4,64077,,
Buchanan, MO,3918,5.6,34509,,
Butler, MO,2117,5.2,17614,,
Caldwell, MO,929,5.4,3676,,
Callaway, MO,2189,5.8,16333,,
Camden, MO,22115,5.1,19068,,
Cape Girardeau, MO,2768,5.5,29848,,
Carroll, MO,765,5.7,3865,,
Carter, MO,688,5.1,2559,,
Cass, MO,2880,6,37150,,
Cedar, MO,1386,5.3,5838,,
Chariton, MO,925,5.8,3242,,
Christian, MO,2499,5.7,29077,,
Clark, MO,540,5.4,2933,,
Clay, MO,6701,6,87217,,
Clinton, MO,925,5.8,7951,,
Cole, MO,2602,5.9,29722,,
Cooper, MO,909,5.7,6554,,
Crawford, MO,2124,5.2,9831,,
Dade, MO,694,5.3,3271,,
Dallas, MO,1138,5.3,6524,,
Daviess, MO,985,5.5,3214,,
DeKalb, MO,490,5.5,3839,,
Dent, MO,947,5.2,6338,,
Douglas, MO,932,5.3,5587,,
Dunklin, MO,1582,5.2,12837,,
Franklin, MO,4249,5.4,39170,,
Gasconade, MO,1955,5.5,6250,,
Gentry, MO,535,5.5,2674,,
Greene, MO,11143,5.4,114244,,
Grundy, MO,819,5.5,4204,,
Harrison, MO,738,5.4,3669,,
Henry, MO,1481,5.4,9405,,
Hickory, MO,2464,5.2,4371,,
Holt, MO,673,5.7,2133,,
Howard, MO,601,5.5,3981,,
Howell, MO,1829,5.4,16192,,
Iron, MO,951,5.2,4378,,
Jackson, MO,37301,5.6,274804,,
Jasper, MO,5029,5.4,45639,,
Jefferson, MO,5926,5.5,81700,,
Johnson, MO,2217,5.3,19311,,
Knox, MO,581,5.4,1708,,
Laclede, MO,1697,5.4,14081,,
Lafayette, MO,1696,5.6,13022,,
Lawrence, MO,1780,5.6,14869,,
Lewis, MO,661,5.5,3874,,
Lincoln, MO,2105,5.5,18906,,
Linn, MO,1130,5.7,5299,,
Livingston, MO,859,5.7,5871,,
McDonald, MO,1521,5.1,8404,,
Macon, MO,1253,5.6,6412,,
Madison, MO,1072,5.2,4898,,
Maries, MO,906,5.3,3705,,
Marion, MO,1449,5.4,11377,,
Mercer, MO,575,5.2,1560,,
Miller, MO,2841,5.4,9917,,
Mississippi, MO,531,5,5180,,
Moniteau, MO,644,5.7,5532,,
Monroe, MO,1160,5.6,3638,,
Montgomery, MO,1262,5.4,4868,,
Morgan, MO,7067,5.3,8450,,
New Madrid, MO,789,5.1,7742,,
Newton, MO,2292,5.6,22021,,
Nodaway, MO,979,5.5,8545,,
Oregon, MO,959,5.1,4527,,
Osage, MO,1205,5.9,5328,,
Ozark, MO,1458,5.2,4194,,
Pemiscot, MO,811,5.1,7350,,
Perry, MO,1211,5.5,7357,,
Pettis, MO,1821,5.5,16428,,
Phelps, MO,1969,5.3,17564,,
Pike, MO,1315,5.4,6560,,
Platte, MO,3120,6.2,36103,,
Polk, MO,1627,5.7,11677,,
Pulaski, MO,1900,5.4,16004,,
Putnam, MO,850,5.6,2132,,
Ralls, MO,1092,5.5,4091,,
Randolph, MO,1372,5.5,9342,,
Ray, MO,1027,5.8,8957,,
Reynolds, MO,1255,5.1,2778,,
Ripley, MO,960,5.1,5637,,
St. Charles, MO,6742,6.1,134274,,
St. Clair, MO,1479,5.1,4161,,
Ste. Genevieve, MO,1597,5.5,7040,,
St. Francois, MO,4477,5.2,23981,,
St. Louis, MO,33267,5.8,404765,,
Saline, MO,1234,5.5,8883,,
Schuyler, MO,306,5.4,1796,,
Scotland, MO,489,5.6,1880,,
Scott, MO,1449,5.3,15538,,
Shannon, MO,716,5.1,3448,,
Shelby, MO,625,5.8,2581,,
Stoddard, MO,1354,5.3,12255,,
Stone, MO,6683,5.2,13690,,
Sullivan, MO,618,5.2,2740,,
Taney, MO,8500,5.1,20755,,
Texas, MO,1628,5.3,10057,,
Vernon, MO,1099,5.4,8396,,
Warren, MO,2346,5.4,12339,,
Washington, MO,1662,5.1,9355,,
Wayne, MO,2366,4.8,5717,,
Webster, MO,1355,5.5,13062,,
Worth, MO,337,5.6,944,,
Wright, MO,1201,5.3,7499,,
St. Louis city, MO,33945,4.7,142057,,
MONTANA,,73218,5.3,409607,,
Beaverhead, MT,1259,5.4,4014,,
Big Horn, MT,691,5.1,4004,,
Blaine, MT,486,5.4,2357,,
Broadwater, MT,348,5.3,2347,,
Carbon, MT,1870,5.1,4571,,
Carter, MT,278,5.3,532,,
Cascade, MT,3467,5.5,33809,,
Chouteau, MT,585,5.6,2294,,
Custer, MT,529,5.6,5031,,
Daniels, MT,313,5.5,798,,
Dawson, MT,484,5.9,3749,,
Deer Lodge, MT,1104,5.2,4018,,
Fallon, MT,237,5.9,1233,,
Fergus, MT,737,5.3,5099,,
Flathead, MT,9459,5.4,37504,,
Gallatin, MT,5739,5.3,36550,,
Garfield, MT,312,4.8,532,,
Glacier, MT,987,5.1,4361,,
Golden Valley, MT,113,5.2,363,,
Granite, MT,1405,4.6,1417,,
Hill, MT,975,5.7,6275,,
Jefferson, MT,543,5.8,4512,,
Judith Basin, MT,412,5.7,924,,
Lake, MT,5156,5.3,11432,,
Lewis and Clark, MT,3486,5.4,26694,,
Liberty, MT,221,6,822,,
Lincoln, MT,2570,4.9,8843,,
McCone, MT,234,5.3,774,,
Madison, MT,3380,5.1,3560,,
Meagher, MT,626,4.5,806,,
Mineral, MT,535,5.1,1911,,
Missoula, MT,4180,5.1,45926,,
Musselshell, MT,608,4.9,2046,,
Park, MT,2065,5.3,7310,,
Petroleum, MT,99,5.9,225,,
Phillips, MT,516,5.6,1819,,
Pondera, MT,374,5.6,2285,,
Powder River, MT,267,5.5,755,,
Powell, MT,639,5.4,2466,,
Prairie, MT,122,5.3,551,,
Ravalli, MT,2650,5.5,16933,,
Richland, MT,383,5.7,4167,,
Roosevelt, MT,510,5.2,3553,,
Rosebud, MT,662,5.2,3395,,
Sanders, MT,1557,5,5121,,
Sheridan, MT,502,6,1587,,
Silver Bow, MT,1785,5.2,14932,,
Stillwater, MT,1007,5.3,3796,,
Sweet Grass, MT,558,5.5,1590,,
Teton, MT,442,5.7,2450,,
Toole, MT,321,5.6,2015,,
Treasure, MT,87,5.3,335,,
Valley, MT,1681,5.3,3198,,
Wheatland, MT,310,5.7,887,,
Wibaux, MT,81,5.1,457,,
Yellowstone, MT,3271,5.6,60672,,
Yellowstone National Park, MT,0,0,0,,
NEBRASKA,,75663,5.8,721130,,
Adams, NE,884,5.8,12466,,
Antelope, NE,443,6.1,2841,,
Arthur, NE,67,5.9,187,,
Banner, NE,76,6,293,,
Blaine, NE,130,5.8,196,,
Boone, NE,313,6.3,2336,,
Box Butte, NE,740,5.4,4738,,
Boyd, NE,448,5.6,942,,
Brown, NE,416,5.5,1449,,
Buffalo, NE,1027,5.7,18037,,
Burt, NE,561,6,2906,,
Butler, NE,662,6.1,3391,,
Cass, NE,1419,6.1,9698,,
Cedar, NE,609,6.3,3539,,
Chase, NE,265,5.7,1681,,
Cherry, NE,627,5.7,2530,,
Cheyenne, NE,590,5.5,4298,,
Clay, NE,352,6.1,2649,,
Colfax, NE,479,5.7,3618,,
Cuming, NE,448,6.3,3756,,
Custer, NE,865,5.8,4714,,
Dakota, NE,413,5.4,7218,,
Dawes, NE,568,5.3,3684,,
Dawson, NE,1224,5.5,8899,,
Deuel, NE,177,5.9,867,,
Dixon, NE,318,6,2370,,
Dodge, NE,1594,5.5,14990,,
Douglas, NE,17169,5.7,202411,,
Dundy, NE,228,6.3,897,,
Fillmore, NE,430,6.2,2483,,
Franklin, NE,328,6.2,1406,,
Frontier, NE,406,5.9,1168,,
Furnas, NE,536,5.9,2185,,
Gage, NE,1024,5.9,9422,,
Garden, NE,353,5.6,961,,
Garfield, NE,243,5.5,935,,
Gosper, NE,418,5.3,849,,
Grant, NE,114,5.4,277,,
Greeley, NE,231,5.8,1069,,
Hall, NE,1353,5.7,22196,,
Hamilton, NE,405,6.4,3563,,
Harlan, NE,856,5.5,1519,,
Hayes, NE,97,6,414,,
Hitchcock, NE,462,5.4,1301,,
Holt, NE,768,5.7,4447,,
Hooker, NE,105,6.2,326,,
Howard, NE,326,6.1,2625,,
Jefferson, NE,570,6,3348,,
Johnson, NE,344,5.8,1847,,
Kearney, NE,205,6.4,2681,,
Keith, NE,1671,5.5,3753,,
Keya Paha, NE,168,5.6,381,,
Kimball, NE,290,5.9,1673,,
Knox, NE,1141,5.7,3647,,
Lancaster, NE,7502,5.6,113373,,
Lincoln, NE,1558,5.7,15025,,
Logan, NE,70,6.2,325,,
Loup, NE,151,5.6,275,,
McPherson, NE,72,5.3,211,,
Madison, NE,1075,5.6,13939,,
Merrick, NE,547,5.9,3151,,
Morrill, NE,357,5.7,2085,,
Nance, NE,276,5.9,1525,,
Nemaha, NE,546,6,2952,,
Nuckolls, NE,386,5.9,2079,,
Otoe, NE,663,5.8,6362,,
Pawnee, NE,358,6.2,1230,,
Perkins, NE,211,6.2,1239,,
Phelps, NE,396,6,3779,,
Pierce, NE,311,5.9,2911,,
Platte, NE,720,6,12658,,
Polk, NE,519,6.4,2212,,
Red Willow, NE,604,5.6,4663,,
Richardson, NE,675,6,3718,,
Rock, NE,227,5.8,685,,
Saline, NE,631,5.8,5131,,
Sarpy, NE,3836,6.2,58102,,
Saunders, NE,1181,6.3,8040,,
Scotts Bluff, NE,1480,5.5,14928,,
Seward, NE,609,6.2,6266,,
Sheridan, NE,556,5.5,2380,,
Sherman, NE,549,5.5,1392,,
Sioux, NE,238,6,577,,
Stanton, NE,246,6.5,2387,,
Thayer, NE,435,6.1,2296,,
Thomas, NE,111,6.2,291,,
Thurston, NE,250,5.5,2158,,
Valley, NE,351,5.9,1922,,
Washington, NE,540,6.5,7761,,
Wayne, NE,269,6.3,3507,,
Webster, NE,308,5.7,1604,,
Wheeler, NE,226,5,350,,
York, NE,667,6.2,5564,,
NEVADA,,167564,5.3,1006250,,
Churchill, NV,1155,5.5,9671,,
Clark, NV,124978,5.3,715365,,
Douglas, NV,4033,5.7,19638,,
Elko, NV,2124,5.4,17442,,
Esmeralda, NV,461,4.4,389,,
Eureka, NV,240,4.9,836,,
Humboldt, NV,834,5.3,6289,,
Lander, NV,362,5.2,2213,,
Lincoln, NV,742,5.5,1988,,
Lyon, NV,2739,5.6,19808,,
Mineral, NV,590,5.3,2240,,
Nye, NV,4318,5.3,18032,,
Pershing, NV,446,5.1,2018,,
Storey, NV,248,5.6,1742,,
Washoe, NV,21396,5.3,163445,,
White Pine, NV,791,5.2,3707,,
Carson City city, NV,2107,5.2,21427,,
NEW HAMPSHIRE,,95781,5.5,518973,,
Belknap, NH,12620,5.4,24766,,
Carroll, NH,18761,5.3,21052,,
Cheshire, NH,4569,5.5,30204,,
Coos, NH,7150,5.2,14171,,
Grafton, NH,15134,5.2,35986,,
Hillsborough, NH,10587,5.7,155466,,
Merrimack, NH,6472,5.7,57069,,
Rockingham, NH,11676,5.8,115033,,
Strafford, NH,4597,5.3,47100,,
Sullivan, NH,4215,5.3,18126,,
NEW JERSEY,,339202,5.7,3214360,,
Atlantic, NJ,23800,5.5,102847,,
Bergen, NJ,16658,5.8,335730,,
Burlington, NJ,9297,6.4,166318,,
Camden, NJ,13963,6,190980,,
Cape May, NJ,57497,5.3,40812,,
Cumberland, NJ,3903,5.6,51931,,
Essex, NJ,29242,5,283712,,
Gloucester, NJ,5525,6.4,104271,,
Hudson, NJ,23898,4.1,246437,,
Hunterdon, NJ,2318,7,47169,,
Mercer, NJ,10014,5.8,133155,,
Middlesex, NJ,13614,5.6,281186,,
Monmouth, NJ,24427,6.2,233983,,
Morris, NJ,9308,6.6,180534,,
Ocean, NJ,56941,5.7,221111,,
Passaic, NJ,9181,5.2,166785,,
Salem, NJ,2127,5.9,25290,,
Somerset, NJ,5368,6.4,117759,,
Sussex, NJ,7305,6.3,54752,,
Union, NJ,11371,5.6,188118,,
Warren, NJ,3445,6.2,41480,,
NEW MEXICO,,109993,5.2,791395,,
Bernalillo, NM,18234,5.4,266000,,
Catron, NM,1502,4.8,1787,,
Chaves, NM,3006,5.3,23691,,
Cibola, NM,2241,5,8860,,
Colfax, NM,4012,5.1,6011,,
Curry, NM,2047,5.2,18015,,
De Baca, NM,432,5,912,,
Dona Ana, NM,5960,5.1,75532,,
Eddy, NM,2174,5.4,20411,,
Grant, NM,2107,5,12586,,
Guadalupe, NM,627,5.2,1766,,
Harding, NM,177,4.9,349,,
Hidalgo, NM,457,5.2,1936,,
Lea, NM,2683,5.2,22236,,
Lincoln, NM,8300,5.1,9219,,
Los Alamos, NM,691,6,7663,,
Luna, NM,1406,5,9593,,
McKinley, NM,3845,4.9,21968,,
Mora, NM,1118,5,2114,,
Otero, NM,6528,5.1,24464,,
Quay, NM,1497,5.1,4072,,
Rio Arriba, NM,3870,5.2,15768,,
Roosevelt, NM,864,5.1,7299,,
Sandoval, NM,4685,5.7,47602,,
San Juan, NM,4937,5.1,44404,,
San Miguel, NM,3617,4.9,11978,,
Santa Fe, NM,9304,5.2,61963,,
Sierra, NM,2439,4.9,5917,,
Socorro, NM,1045,5.1,7014,,
Taos, NM,5459,4.8,14806,,
Torrance, NM,1534,5.1,6264,,
Union, NM,610,5.6,1695,,
Valencia, NM,2585,5.5,27500,,
NEW YORK,,790348,5,7317755,,
Albany, NY,11488,5.6,126251,,
Allegany, NY,7932,5.6,18208,,
Bronx, NY,28447,3.9,483449,,
Broome, NY,8396,5.8,82167,,
Cattaraugus, NY,8848,5.8,32263,,
Cayuga, NY,5044,5.9,31445,,
Chautauqua, NY,12676,5.7,54244,,
Chemung, NY,2907,5.8,35462,,
Chenango, NY,4274,5.8,20436,,
Clinton, NY,4306,5.5,31582,,
Columbia, NY,6869,5.8,25906,,
Cortland, NY,1906,5.6,18671,,
Delaware, NY,11324,5.5,19898,,
Dutchess, NY,10673,5.8,107965,,
Erie, NY,36810,5.8,383164,,
Essex, NY,9341,5.4,16262,,
Franklin, NY,6252,5.4,19054,,
Fulton, NY,6008,5.6,22554,,
Genesee, NY,1861,6,23728,,
Greene, NY,9387,5.4,19823,,
Hamilton, NY,6432,5,2262,,
Herkimer, NY,7057,5.7,26324,,
Jefferson, NY,14515,5.4,43451,,
Kings, NY,83437,4.1,916856,,
Lewis, NY,4598,5.7,10514,,
Livingston, NY,2714,5.9,24409,,
Madison, NY,4003,6,27754,,
Monroe, NY,20171,5.8,300422,,
Montgomery, NY,2791,5.8,20272,,
Nassau, NY,19818,6.6,448528,,
New York, NY,83244,3.3,763846,,
Niagara, NY,8564,5.7,90556,,
Oneida, NY,11152,5.8,93028,,
Onondaga, NY,14671,5.9,187686,,
Ontario, NY,5174,6,43019,,
Orange, NY,11100,5.9,125925,,
Orleans, NY,2312,5.9,16119,,
Oswego, NY,7198,5.7,46400,,
Otsego, NY,6157,5.8,24620,,
Putnam, NY,3183,6.2,35041,,
Queens, NY,55010,4.4,780117,,
Rensselaer, NY,6773,5.7,64702,,
Richmond, NY,11140,5.7,165516,,
Rockland, NY,4815,6.5,99242,,
St. Lawrence, NY,10528,5.6,41605,,
Saratoga, NY,10360,5.8,88296,,
Schenectady, NY,5310,5.8,62886,,
Schoharie, NY,4065,5.7,13166,,
Schuyler, NY,1925,5.6,7530,,
Seneca, NY,2650,6,13393,,
Steuben, NY,8531,5.8,40344,,
Suffolk, NY,70063,6.4,499922,,
Sullivan, NY,19047,5.2,30139,,
Tioga, NY,1853,6.1,20350,,
Tompkins, NY,2707,5.3,38967,,
Ulster, NY,12589,5.5,71049,,
Warren, NY,10736,5.5,27990,,
Washington, NY,4702,5.8,24142,,
Wayne, NY,4472,6,36585,,
Westchester, NY,23589,5.3,347232,,
Wyoming, NY,2469,6.1,15501,,
Yates, NY,3974,5.6,9517,,
NORTH CAROLINA,,582373,5.4,3745155,,
Alamance, NC,6616,5.2,59960,,
Alexander, NC,1764,5.4,14425,,
Alleghany, NC,3316,5.1,4778,,
Anson, NC,1821,5.3,9755,,
Ashe, NC,5587,5.1,11755,,
Avery, NC,7226,5,6664,,
Beaufort, NC,4747,5.4,19941,,
Bertie, NC,1463,5.3,8359,,
Bladen, NC,3288,5.2,14430,,
Brunswick, NC,31185,5.2,46297,,
Buncombe, NC,12953,5.3,100412,,
Burke, NC,5075,5.1,35804,,
Cabarrus, NC,6271,5.5,65666,,
Caldwell, NC,4271,5.2,33388,,
Camden, NC,429,6.1,3675,,
Carteret, NC,19309,5.2,28870,,
Caswell, NC,1429,5.3,9190,,
Catawba, NC,6999,5.3,60887,,
Chatham, NC,2908,5.6,25845,,
Cherokee, NC,5762,5.2,11753,,
Chowan, NC,1230,5.6,6059,,
Clay, NC,2480,5.3,4660,,
Cleveland, NC,4818,5.2,38555,,
Columbus, NC,3553,5.5,22489,,
Craven, NC,4703,5.5,40299,,
Cumberland, NC,13093,5.5,122431,,
Currituck, NC,5573,6.2,8880,,
Dare, NC,19157,5.5,14335,,
Davidson, NC,8140,5.3,64515,,
Davie, NC,1993,5.7,16245,,
Duplin, NC,3233,5.3,22495,,
Durham, NC,10869,5.2,109348,,
Edgecombe, NC,3158,5.2,21680,,
Forsyth, NC,15709,5.4,141163,,
Franklin, NC,3554,5.5,23023,,
Gaston, NC,8819,5.2,79867,,
Gates, NC,543,6,4665,,
Graham, NC,2229,5.2,3701,,
Granville, NC,2199,5.5,20628,,
Greene, NC,900,5.4,7313,,
Guilford, NC,21389,5.4,196628,,
Halifax, NC,3811,5.3,21970,,
Harnett, NC,5137,5.4,41594,,
Haywood, NC,9391,5.3,25563,,
Henderson, NC,9262,5.4,45448,,
Hertford, NC,1301,5.5,9334,,
Hoke, NC,1679,5.5,16532,,
Hyde, NC,1228,5.4,2119,,
Iredell, NC,7798,5.5,61215,,
Jackson, NC,9502,5.1,16446,,
Johnston, NC,5773,5.5,61909,,
Jones, NC,671,5.3,4167,,
Lee, NC,2078,5.5,22058,,
Lenoir, NC,3110,5.2,24327,,
Lincoln, NC,3298,5.4,30343,,
McDowell, NC,2970,5.2,17838,,
Macon, NC,10654,5.2,14591,,
Madison, NC,2114,5.2,8494,,
Martin, NC,1386,5.4,10318,,
Mecklenburg, NC,36297,5.5,362213,,
Mitchell, NC,2028,5.2,6685,,
Montgomery, NC,5370,4.9,10544,,
Moore, NC,6400,5.7,37540,,
Nash, NC,4504,5.4,37782,,
New Hanover, NC,15390,5.3,86046,,
Northampton, NC,2481,5.5,9193,,
Onslow, NC,8134,5.2,60092,,
Orange, NC,4140,5.3,51457,,
Pamlico, NC,2044,5.5,5490,,
Pasquotank, NC,1877,5.6,14956,,
Pender, NC,6391,5.4,20333,,
Perquimans, NC,1388,5.8,5598,,
Person, NC,2367,5.4,15826,,
Pitt, NC,7413,5.1,67577,,
Polk, NC,2443,5.4,8989,,
Randolph, NC,5668,5.2,55373,,
Richmond, NC,2308,5.2,18430,,
Robeson, NC,4754,5.2,47997,,
Rockingham, NC,5003,5.2,38693,,
Rowan, NC,7071,5.4,53140,,
Rutherford, NC,6412,5.3,27466,,
Sampson, NC,3229,5.3,24005,,
Scotland, NC,1579,5.2,13614,,
Stanly, NC,3521,5.4,23589,,
Stokes, NC,2508,5.3,19416,,
Surry, NC,3753,5.1,29914,,
Swain, NC,3051,5.1,5672,,
Transylvania, NC,4769,5.4,14394,,
Tyrrell, NC,473,5.6,1595,,
Union, NC,5006,6.2,67864,,
Vance, NC,2687,5.2,17395,,
Wake, NC,26191,5.8,345645,,
Warren, NC,3485,5.6,8321,,
Washington, NC,965,5.6,5526,,
Watauga, NC,11734,4.9,20403,,
Wayne, NC,5118,5.4,47831,,
Wilkes, NC,4705,5.1,28360,,
Wilson, NC,3549,5.2,31962,,
Yadkin, NC,1855,5.2,15486,,
Yancey, NC,3388,5.1,7644,,
NORTH DAKOTA,,36306,5.5,281192,,
Adams, ND,279,5.6,1098,,
Barnes, ND,878,5.8,4826,,
Benson, ND,717,5.5,2233,,
Billings, ND,126,5.6,358,,
Bottineau, ND,1509,5.5,2832,,
Bowman, ND,298,5.8,1385,,
Burke, ND,427,5.9,913,,
Burleigh, ND,1778,5.8,33976,,
Cass, ND,4039,5.1,63899,,
Cavalier, ND,491,6.4,1818,,
Dickey, ND,456,5.9,2180,,
Divide, ND,347,5.8,977,,
Dunn, ND,731,5.6,1401,,
Eddy, ND,266,5.9,1057,,
Emmons, ND,491,5.7,1594,,
Foster, ND,306,6.1,1495,,
Golden Valley, ND,193,5.8,774,,
Grand Forks, ND,1927,5,27417,,
Grant, ND,562,5.6,1128,,
Griggs, ND,330,6.1,1131,,
Hettinger, ND,358,6,1056,,
Kidder, ND,615,5.4,1059,,
LaMoure, ND,413,6.3,1825,,
Logan, ND,301,5.8,843,,
McHenry, ND,571,5.7,2377,,
McIntosh, ND,551,5.9,1307,,
McKenzie, ND,680,5.4,2410,,
McLean, ND,1693,5.6,3897,,
Mercer, ND,825,6,3625,,
Morton, ND,790,5.9,11289,,
Mountrail, ND,1326,5.1,2793,,
Nelson, ND,453,5.9,1474,,
Oliver, ND,149,6.6,756,,
Pembina, ND,602,5.9,3257,,
Pierce, ND,364,5.7,1835,,
Ramsey, ND,660,5.4,4955,,
Ransom, ND,346,5.9,2310,,
Renville, ND,325,5.4,1061,,
Richland, ND,852,5.7,6651,,
Rolette, ND,589,5.1,4783,,
Sargent, ND,329,6,1675,,
Sheridan, ND,249,5.8,645,,
Sioux, ND,153,5.1,1158,,
Slope, ND,110,5.8,326,,
Stark, ND,650,6,10085,,
Steele, ND,307,5.9,864,,
Stutsman, ND,931,5.6,8931,,
Towner, ND,401,5.9,1048,,
Traill, ND,386,5.9,3394,,
Walsh, ND,752,5.9,4746,,
Ward, ND,1715,5.6,25029,,
Wells, ND,538,5.9,1943,,
Williams, ND,1171,5.5,9293,,
OHIO,,524073,5.8,4603435,,
Adams, OH,1831,5.4,11147,,
Allen, OH,4380,5.9,40619,,
Ashland, OH,1945,6,20196,,
Ashtabula, OH,6736,5.8,39363,,
Athens, OH,2807,5.2,23578,,
Auglaize, OH,1613,6,17972,,
Belmont, OH,3773,5.7,28679,,
Brown, OH,2287,5.7,17014,,
Butler, OH,12313,5.8,135960,,
Carroll, OH,2313,5.7,11385,,
Champaign, OH,1426,5.9,15329,,
Clark, OH,6175,5.7,55244,,
Clermont, OH,5828,6,74828,,
Clinton, OH,1923,5.6,16210,,
Columbiana, OH,4405,5.7,42683,,
Coshocton, OH,1887,5.7,14658,,
Crawford, OH,2068,5.9,18099,,
Cuyahoga, OH,76707,5.6,545056,,
Darke, OH,1801,5.9,20929,,
Defiance, OH,1461,6,15268,,
Delaware, OH,3618,7,62760,,
Erie, OH,5985,5.9,31860,,
Fairfield, OH,4377,6.2,54310,,
Fayette, OH,1257,5.8,11436,,
Franklin, OH,49951,5.4,477235,,
Fulton, OH,1219,6,16188,,
Gallia, OH,1863,5.6,12062,,
Geauga, OH,2310,7.1,34264,,
Greene, OH,5471,6,62770,,
Guernsey, OH,2983,5.7,16210,,
Hamilton, OH,43419,5.6,333945,,
Hancock, OH,2977,5.9,30197,,
Hardin, OH,1338,5.9,11762,,
Harrison, OH,1644,5.7,6526,,
Henry, OH,1029,6.2,10934,,
Highland, OH,2687,5.7,16693,,
Hocking, OH,2048,5.5,11369,,
Holmes, OH,1112,6.3,12554,,
Huron, OH,2376,5.9,22820,,
Jackson, OH,1577,5.4,13010,,
Jefferson, OH,3717,5.7,29109,,
Knox, OH,2511,6,22607,,
Lake, OH,7046,6,94156,,
Lawrence, OH,2629,5.5,24974,,
Licking, OH,5302,6,63989,,
Logan, OH,5070,5.5,18111,,
Lorain, OH,10762,6,116274,,
Lucas, OH,22363,5.8,180267,,
Madison, OH,1205,5.7,14734,,
Mahoning, OH,13121,5.8,98712,,
Marion, OH,3143,5.8,24691,,
Medina, OH,4038,6.5,65143,,
Meigs, OH,1634,5.6,9557,,
Mercer, OH,2101,5.9,15532,,
Miami, OH,3339,6,40917,,
Monroe, OH,1502,5.8,6065,,
Montgomery, OH,30832,5.6,223943,,
Morgan, OH,1858,5.5,6034,,
Morrow, OH,1300,6,12855,,
Muskingum, OH,3803,5.5,34271,,
Noble, OH,1201,5.7,4852,,
Ottawa, OH,10406,5.7,17503,,
Paulding, OH,980,5.9,7769,,
Perry, OH,1635,5.6,13576,,
Pickaway, OH,1651,5.8,19624,,
Pike, OH,1469,5.3,11012,,
Portage, OH,5250,5.8,62222,,
Preble, OH,1547,5.8,16341,,
Putnam, OH,859,6.4,12872,,
Richland, OH,5678,5.8,48921,,
Ross, OH,3229,5.6,28919,,
Sandusky, OH,2208,5.9,24182,,
Scioto, OH,3272,5.4,30870,,
Seneca, OH,2348,6.1,21774,,
Shelby, OH,1706,5.9,18467,,
Stark, OH,14126,5.9,151089,,
Summit, OH,22328,5.8,222781,,
Trumbull, OH,10152,5.8,86011,,
Tuscarawas, OH,3241,5.8,36965,,
Union, OH,1364,6.3,18065,,
Van Wert, OH,1176,6.3,11439,,
Vinton, OH,1031,5.3,5260,,
Warren, OH,4326,6.4,76424,,
Washington, OH,2780,5.7,25587,,
Wayne, OH,3209,5.9,42638,,
Williams, OH,1593,5.8,15075,,
Wood, OH,4333,6,49043,,
Wyandot, OH,779,6,9091,,
OKLAHOMA,,203928,5.3,1460450,,
Adair, OK,986,5.3,8156,,
Alfalfa, OK,741,5.4,2022,,
Atoka, OK,921,5.1,5391,,
Beaver, OK,478,5.6,2192,,
Beckham, OK,1484,5.1,8163,,
Blaine, OK,1234,5.4,3959,,
Bryan, OK,2748,5.1,16838,,
Caddo, OK,2496,5.2,10645,,
Canadian, OK,3376,5.7,42434,,
Carter, OK,2513,5.2,18635,,
Cherokee, OK,3619,5,17836,,
Choctaw, OK,1251,5,6270,,
Cimarron, OK,540,5.5,1047,,
Cleveland, OK,6515,5.4,98306,,
Coal, OK,460,5.1,2350,,
Comanche, OK,5757,5.2,44982,,
Cotton, OK,533,5.3,2483,,
Craig, OK,1058,5.3,5691,,
Creek, OK,3222,5.4,26539,,
Custer, OK,1506,5.1,10698,,
Delaware, OK,7725,5.1,17093,,
Dewey, OK,501,5.3,1944,,
Ellis, OK,503,5.5,1782,,
Garfield, OK,2656,5.4,24175,,
Garvin, OK,1758,5.2,11069,,
Grady, OK,2327,5.4,19892,,
Grant, OK,576,5.6,1910,,
Greer, OK,557,5.2,2181,,
Harmon, OK,432,5.1,1112,,
Harper, OK,381,5.4,1527,,
Haskell, OK,984,5.2,5044,,
Hughes, OK,1133,5.4,5050,,
Jackson, OK,1830,5.2,10247,,
Jefferson, OK,744,5.1,2634,,
Johnston, OK,814,5.2,4312,,
Kay, OK,3131,5.4,18577,,
Kingfisher, OK,678,5.8,5731,,
Kiowa, OK,1238,5,3978,,
Latimer, OK,771,5.1,4208,,
Le Flore, OK,2570,5.2,18878,,
Lincoln, OK,1965,5.3,13243,,
Logan, OK,1905,5.6,15290,,
Love, OK,826,5.1,3713,,
McClain, OK,1105,5.5,12891,,
McCurtain, OK,2575,5.1,12958,,
McIntosh, OK,4890,5,8460,,
Major, OK,562,5.7,3109,,
Marshall, OK,3668,5,6338,,
Mayes, OK,3231,5.1,16008,,
Murray, OK,1396,5.3,5350,,
Muskogee, OK,3854,5.3,27054,,
Noble, OK,727,5.4,4614,,
Nowata, OK,604,5.4,4224,,
Okfuskee, OK,928,5.4,4354,,
Oklahoma, OK,32230,5.2,287598,,
Okmulgee, OK,2529,5.4,15362,,
Osage, OK,2938,5.5,18205,,
Ottawa, OK,1715,5.2,12345,,
Pawnee, OK,1259,5.3,6486,,
Payne, OK,3814,5.1,30177,,
Pittsburg, OK,4622,5.3,18012,,
Pontotoc, OK,1941,5.1,14654,,
Pottawatomie, OK,3228,5.3,25911,,
Pushmataha, OK,1301,5,4809,,
Roger Mills, OK,435,5.3,1470,,
Rogers, OK,3276,5.7,31884,,
Seminole, OK,1892,5.2,9750,,
Sequoyah, OK,2448,5.2,16208,,
Stephens, OK,2531,5.3,18127,,
Texas, OK,996,5.2,7212,,
Tillman, OK,861,5.2,3216,,
Tulsa, OK,26689,5.4,241737,,
Wagoner, OK,2816,5.6,26878,,
Washington, OK,2415,5.7,21036,,
Washita, OK,880,5.5,4599,,
Woods, OK,945,5.4,3533,,
Woodward, OK,1184,5.4,7654,,
OREGON,,156624,5.4,1518938,,
Baker, OR,1786,5.5,7040,,
Benton, OR,1928,5.4,34317,,
Clackamas, OR,11155,5.9,145790,,
Clatsop, OR,5804,5.2,15742,,
Columbia, OR,1515,5.8,19183,,
Coos, OR,3460,5.1,27133,,
Crook, OR,1644,5.4,8558,,
Curry, OR,2196,4.8,10417,,
Deschutes, OR,16049,5.6,64090,,
Douglas, OR,4334,5.4,44581,,
Gilliam, OR,292,5.3,864,,
Grant, OR,992,5.5,3352,,
Harney, OR,630,5.5,3205,,
Hood River, OR,1098,5.5,8173,,
Jackson, OR,7861,5.2,83076,,
Jefferson, OR,2025,5.1,7790,,
Josephine, OR,3355,5.2,34646,,
Klamath, OR,5494,5.3,27280,,
Lake, OR,1061,5.1,3378,,
Lane, OR,10146,5.3,145966,,
Lincoln, OR,10060,5.3,20550,,
Linn, OR,3617,5.5,45204,,
Malheur, OR,1281,5.4,10411,,
Marion, OR,7991,5.3,112957,,
Morrow, OR,526,5.3,3916,,
Multnomah, OR,20292,5.1,304540,,
Polk, OR,2014,5.7,28288,,
Sherman, OR,141,5.8,777,,
Tillamook, OR,7525,5.1,10834,,
Umatilla, OR,2789,5.3,26904,,
Union, OR,988,5.4,10501,,
Wallowa, OR,975,5.6,3133,,
Wasco, OR,1456,5.4,10031,,
Washington, OR,11516,5.5,200934,,
Wheeler, OR,244,5.5,651,,
Yamhill, OR,2384,5.6,34726,,
PENNSYLVANIA,,548411,5.9,5018904,,
Adams, PA,2807,6.1,38013,,
Allegheny, PA,55241,5.7,533960,,
Armstrong, PA,3807,5.6,28713,,
Beaver, PA,6828,5.7,71383,,
Bedford, PA,3721,5.7,20233,,
Berks, PA,10471,6.1,154356,,
Blair, PA,4117,5.9,52159,,
Bradford, PA,4658,6,25321,,
Bucks, PA,11107,6.5,234849,,
Butler, PA,5332,6,72835,,
Cambria, PA,6700,5.9,58950,,
Cameron, PA,2182,5.7,2273,,
Carbon, PA,7615,5.8,26684,,
Centre, PA,5724,5.6,57573,,
Chester, PA,9562,6.9,182900,,
Clarion, PA,3834,5.7,16128,,
Clearfield, PA,6356,5.9,32288,,
Clinton, PA,3929,5.7,15151,,
Columbia, PA,3019,5.8,26479,,
Crawford, PA,9658,5.7,35028,,
Cumberland, PA,6045,6.1,93943,,
Dauphin, PA,9971,5.8,110435,,
Delaware, PA,14202,6.2,208700,,
Elk, PA,3892,5.9,13693,,
Erie, PA,8725,5.8,110413,,
Fayette, PA,6776,5.5,55997,,
Forest, PA,6249,4.1,2511,,
Franklin, PA,4830,5.9,58389,,
Fulton, PA,1108,5.8,6014,,
Greene, PA,1736,5.6,14724,,
Huntingdon, PA,5085,5.6,17280,,
Indiana, PA,3231,5.8,35005,,
Jefferson, PA,3873,5.9,18561,,
Juniata, PA,1502,5.7,9476,,
Lackawanna, PA,9606,5.9,87226,,
Lancaster, PA,9350,6.1,193602,,
Lawrence, PA,3849,5.8,37126,,
Lebanon, PA,3334,5.9,52258,,
Lehigh, PA,8630,6.1,133983,,
Luzerne, PA,16816,5.9,131932,,
Lycoming, PA,5800,5.8,46700,,
McKean, PA,4042,5.8,17183,,
Mercer, PA,5291,5.8,46442,,
Mifflin, PA,2794,5.7,18743,,
Monroe, PA,19268,6,61091,,
Montgomery, PA,17985,6.5,307750,,
Montour, PA,572,5.8,7393,,
Northampton, PA,6798,6.2,113565,,
Northumberland, PA,5883,6.1,39242,,
Perry, PA,2521,5.7,17903,,
Philadelphia, PA,70435,5.6,599736,,
Pike, PA,16425,5.6,21925,,
Potter, PA,5705,5.2,7227,,
Schuylkill, PA,9131,6.1,60192,,
Snyder, PA,1277,5.9,14750,,
Somerset, PA,7023,5.8,31090,,
Sullivan, PA,3527,5.7,2777,,
Susquehanna, PA,5170,5.9,17798,,
Tioga, PA,4637,5.7,16727,,
Union, PA,2232,5.8,14765,,
Venango, PA,4843,5.7,22621,,
Warren, PA,5793,5.6,17767,,
Washington, PA,7888,5.9,85089,,
Wayne, PA,11028,5.8,20625,,
Westmoreland, PA,14549,5.9,153650,,
Wyoming, PA,2017,5.8,11237,,
York, PA,10299,6.1,168372,,
RHODE ISLAND,,49788,5.3,413600,,
Bristol, RI,1700,6,19150,,
Kent, RI,5056,5.5,68645,,
Newport, RI,6885,5.6,34911,,
Providence, RI,23118,5.1,241717,,
Washington, RI,13029,5.8,49177,,
SOUTH CAROLINA,,336502,5.5,1801181,,
Abbeville, SC,2089,5.3,9990,,
Aiken, SC,7996,5.7,64253,,
Allendale, SC,780,5.3,3706,,
Anderson, SC,10945,5.4,73829,,
Bamberg, SC,1668,5.4,6048,,
Barnwell, SC,1547,5.5,8937,,
Beaufort, SC,28078,5.6,64945,,
Berkeley, SC,7953,5.6,65419,,
Calhoun, SC,1260,5.6,6080,,
Charleston, SC,25675,5.5,144309,,
Cherokee, SC,2478,5.2,21519,,
Chester, SC,1825,5.4,12876,,
Chesterfield, SC,3309,5.3,18173,,
Clarendon, SC,4335,5.6,13132,,
Colleton, SC,4770,5.5,15131,,
Darlington, SC,3766,5.4,26531,,
Dillon, SC,1819,5.2,11923,,
Dorchester, SC,4927,5.9,50259,,
Edgefield, SC,1211,5.9,9348,,
Fairfield, SC,2262,5.5,9419,,
Florence, SC,6013,5.4,52653,,
Georgetown, SC,9148,5.7,24524,,
Greenville, SC,18931,5.6,176531,,
Greenwood, SC,3507,5.3,27547,,
Hampton, SC,1542,5.5,7598,,
Horry, SC,73767,4.9,112225,,
Jasper, SC,1782,5.4,8517,,
Kershaw, SC,3550,5.8,23928,,
Lancaster, SC,2990,5.5,29697,,
Laurens, SC,5184,5.3,25525,,
Lee, SC,978,5.6,6797,,
Lexington, SC,11224,5.8,102733,,
McCormick, SC,1426,5.5,4027,,
Marion, SC,1895,5.2,13058,,
Marlboro, SC,1689,5.2,10383,,
Newberry, SC,3213,5.4,14709,,
Oconee, SC,8087,5.5,30676,,
Orangeburg, SC,6716,5.4,35788,,
Pickens, SC,6016,5.4,45228,,
Richland, SC,16531,5.6,145194,,
Saluda, SC,1762,5.4,7527,,
Spartanburg, SC,13382,5.4,109246,,
Sumter, SC,5613,5.9,40398,,
Union, SC,2179,5.2,11974,,
Williamsburg, SC,2352,5.4,13007,,
York, SC,8332,5.6,85864,,
SOUTH DAKOTA,,41156,5.6,322282,,
Aurora, SD,222,6.1,1102,,
Beadle, SD,1028,5.6,7276,,
Bennett, SD,173,5.3,1090,,
Bon Homme, SD,474,5.9,2457,,
Brookings, SD,1108,5.4,12029,,
Brown, SD,1217,5.6,15489,,
Brule, SD,297,5.5,2136,,
Buffalo, SD,77,5,532,,
Butte, SD,461,5.7,4160,,
Campbell, SD,286,5.4,694,,
Charles Mix, SD,600,5.5,3249,,
Clark, SD,265,6.3,1445,,
Clay, SD,529,5,5110,,
Codington, SD,965,5.7,11432,,
Corson, SD,280,5.4,1260,,
Custer, SD,992,5.4,3636,,
Davison, SD,556,5.4,8296,,
Day, SD,1126,5.6,2504,,
Deuel, SD,385,5.9,1819,,
Dewey, SD,272,5,1730,,
Douglas, SD,229,6.5,1210,,
Edmunds, SD,359,5.8,1607,,
Fall River, SD,919,5.2,3272,,
Faulk, SD,267,5.8,869,,
Grant, SD,437,5.6,3089,,
Gregory, SD,567,5.4,1936,,
Haakon, SD,163,5.5,850,,
Hamlin, SD,652,5.8,2108,,
Hand, SD,321,6.2,1494,,
Hanson, SD,132,6.7,1045,,
Harding, SD,192,5.4,539,,
Hughes, SD,557,5.6,7066,,
Hutchinson, SD,421,5.9,2930,,
Hyde, SD,108,5.7,600,,
Jackson, SD,197,5.2,996,,
Jerauld, SD,200,6.2,870,,
Jones, SD,131,5.8,458,,
Kingsbury, SD,498,6.3,2222,,
Lake, SD,1076,5.8,4483,,
Lawrence, SD,2220,5.3,10536,,
Lincoln, SD,1226,6.5,16649,,
Lyman, SD,312,5.3,1392,,
McCook, SD,323,6.1,2168,,
McPherson, SD,393,5.7,1025,,
Marshall, SD,719,5.6,1815,,
Meade, SD,1097,5.4,9903,,
Mellette, SD,145,5.5,693,,
Miner, SD,276,6.2,1032,,
Minnehaha, SD,4529,5.6,67028,,
Moody, SD,270,6.4,2554,,
Pennington, SD,3698,5.4,41251,,
Perkins, SD,448,5.6,1291,,
Potter, SD,438,5.3,1062,,
Roberts, SD,1082,5.7,3823,,
Sanborn, SD,197,6.2,975,,
Shannon, SD,449,5,3144,,
Spink, SD,531,6.1,2608,,
Stanley, SD,159,5.3,1228,,
Sully, SD,235,6,610,,
Todd, SD,362,5.3,2780,,
Tripp, SD,653,5.4,2419,,
Turner, SD,487,6.3,3452,,
Union, SD,524,5.9,5756,,
Walworth, SD,611,5.3,2392,,
Yankton, SD,882,5.5,8770,,
Ziebach, SD,151,5.3,836,,
TENNESSEE,,318581,5.5,2493552,,
Anderson, TN,3464,5.3,31253,,
Bedford, TN,1830,5.4,16530,,
Benton, TN,1912,5.3,7063,,
Bledsoe, TN,1021,5.2,4697,,
Blount, TN,6001,5.7,49265,,
Bradley, TN,3448,5.4,37947,,
Campbell, TN,3612,5.3,16354,,
Cannon, TN,565,5.3,5472,,
Carroll, TN,1677,5.5,11507,,
Carter, TN,3549,5.2,24197,,
Cheatham, TN,1143,5.6,14520,,
Chester, TN,772,5.5,6208,,
Claiborne, TN,2006,5.3,12853,,
Clay, TN,924,5.8,3358,,
Cocke, TN,2671,5.1,14788,,
Coffee, TN,2508,5.6,20926,,
Crockett, TN,716,5.4,5709,,
Cumberland, TN,4360,5.5,23791,,
Davidson, TN,24479,5.2,259499,,
Decatur, TN,1946,5.2,4927,,
DeKalb, TN,1985,5.4,7420,,
Dickson, TN,1713,5.6,19107,,
Dyer, TN,1520,5.4,15183,,
Fayette, TN,1164,5.9,14505,,
Fentress, TN,1711,5.8,7250,,
Franklin, TN,2686,5.7,16011,,
Gibson, TN,2309,5.5,19690,,
Giles, TN,1969,5.4,11875,,
Grainger, TN,1865,5.2,9029,,
Greene, TN,4007,5.4,28018,,
Grundy, TN,992,5.2,5405,,
Hamblen, TN,2403,5.5,24560,,
Hamilton, TN,14425,5.6,136682,,
Hancock, TN,799,5.1,2825,,
Hardeman, TN,1550,5.3,9301,,
Hardin, TN,3303,5.4,10643,,
Hawkins, TN,3527,5.3,23343,,
Haywood, TN,856,5.3,7459,,
Henderson, TN,1552,5.5,11224,,
Henry, TN,3450,5.4,13604,,
Hickman, TN,1335,5.4,8976,,
Houston, TN,839,5.4,3349,,
Humphreys, TN,1411,5.4,7454,,
Jackson, TN,1054,5.6,4789,,
Jefferson, TN,3635,5.4,19864,,
Johnson, TN,1761,5.3,7195,,
Knox, TN,17700,5.6,177249,,
Lake, TN,328,5.2,2270,,
Lauderdale, TN,1461,5.3,9795,,
Lawrence, TN,1902,5.5,16275,,
Lewis, TN,689,5.5,4781,,
Lincoln, TN,1859,5.6,13382,,
Loudon, TN,1899,6,19826,,
McMinn, TN,2476,5.3,20865,,
McNairy, TN,1607,5.3,10326,,
Macon, TN,1300,5.6,8561,,
Madison, TN,3804,5.6,38073,,
Marion, TN,1551,5.2,11403,,
Marshall, TN,1269,5.6,11850,,
Maury, TN,3591,5.7,31663,,
Meigs, TN,942,4.9,4686,,
Monroe, TN,3076,5.3,17711,,
Montgomery, TN,6425,5.5,63673,,
Moore, TN,423,5.8,2492,,
Morgan, TN,1228,5.2,7692,,
Obion, TN,1582,5.4,13077,,
Overton, TN,1475,5.7,8820,,
Perry, TN,1439,5.2,3160,,
Pickett, TN,1285,5.6,2177,,
Polk, TN,1338,5,6653,,
Putnam, TN,2952,5.5,28930,,
Rhea, TN,2089,5.4,12276,,
Roane, TN,3340,5.6,22376,,
Robertson, TN,1889,5.7,24197,,
Rutherford, TN,6736,5.5,96232,,
Scott, TN,1239,5.2,8671,,
Sequatchie, TN,849,5.2,5519,,
Sevier, TN,20575,5.2,35343,,
Shelby, TN,47303,5.5,350971,,
Smith, TN,1119,5.5,7410,,
Stewart, TN,1392,5.3,5386,,
Sullivan, TN,7462,5.6,66298,,
Sumner, TN,4993,6,60975,,
Tipton, TN,1582,5.5,21617,,
Trousdale, TN,392,5.5,2976,,
Unicoi, TN,1104,5.4,7726,,
Union, TN,1567,5.2,7391,,
Van Buren, TN,417,5.3,2246,,
Warren, TN,1971,5.4,15850,,
Washington, TN,5932,5.4,51322,,
Wayne, TN,1151,5.4,6136,,
Weakley, TN,1597,5.4,13898,,
White, TN,1239,5.6,10272,,
Williamson, TN,3612,7.4,64886,,
Wilson, TN,3005,6.2,42563,,
TEXAS,,1054503,5.3,8922933,,
Anderson, TX,2898,5.1,17218,,
Andrews, TX,555,5.4,5259,,
Angelina, TX,4499,5.1,31090,,
Aransas, TX,5560,4.7,9795,,
Archer, TX,569,5.6,3538,,
Armstrong, TX,153,5.4,751,,
Atascosa, TX,2385,5.1,15246,,
Austin, TX,2089,5.2,10837,,
Bailey, TX,316,5.3,2468,,
Bandera, TX,2997,5.1,8564,,
Bastrop, TX,3476,5.4,25840,,
Baylor, TX,996,5,1669,,
Bee, TX,1607,5,9042,,
Bell, TX,11435,5.3,114035,,
Bexar, TX,53941,5.3,608931,,
Blanco, TX,1223,5.1,4309,,
Borden, TX,121,5.2,264,,
Bosque, TX,2369,5.2,7254,,
Bowie, TX,3824,5.3,34669,,
Brazoria, TX,11747,5.6,106589,,
Brazos, TX,5961,4.9,71739,,
Brewster, TX,1176,4.6,4207,,
Briscoe, TX,261,5.2,692,,
Brooks, TX,597,5.1,2642,,
Brown, TX,3509,5.3,14778,,
Burleson, TX,2010,5,6822,,
Burnet, TX,4359,5.2,16511,,
Caldwell, TX,1458,5.1,12301,,
Calhoun, TX,3644,5,7766,,
Callahan, TX,1102,5.5,5447,,
Cameron, TX,22293,4.9,119631,,
Camp, TX,978,5,4678,,
Carson, TX,332,5.4,2452,,
Cass, TX,1950,5.1,12429,,
Castro, TX,422,5.2,2744,,
Chambers, TX,1339,5.4,11952,,
Cherokee, TX,2965,5,17894,,
Childress, TX,557,5,2326,,
Clay, TX,831,5.4,4319,,
Cochran, TX,247,5.1,1113,,
Coke, TX,1201,4.8,1466,,
Coleman, TX,1686,5.5,3857,,
Collin, TX,17201,6.5,283759,,
Collingsworth, TX,437,5.2,1179,,
Colorado, TX,2345,5.2,8182,,
Comal, TX,5745,5.6,41363,,
Comanche, TX,1643,5.1,5580,,
Concho, TX,596,5.1,1041,,
Cooke, TX,2093,5.4,14513,,
Coryell, TX,2633,5.5,22545,,
Cottle, TX,291,5.2,677,,
Crane, TX,161,5.3,1471,,
Crockett, TX,444,4.7,1422,,
Crosby, TX,665,4.9,2237,,
Culberson, TX,229,5.1,908,,
Dallam, TX,379,5.1,2448,,
Dallas, TX,87297,5.1,855960,,
Dawson, TX,835,5.2,4385,,
Deaf Smith, TX,712,5.2,6365,,
Delta, TX,370,5.3,2088,,
Denton, TX,15850,5.9,240289,,
DeWitt, TX,1769,5.1,7407,,
Dickens, TX,352,5.1,930,,
Dimmit, TX,929,5.1,3421,,
Donley, TX,625,4.9,1517,,
Duval, TX,1433,5.1,4090,,
Eastland, TX,2793,5.3,7465,,
Ector, TX,4339,5.1,48688,,
Edwards, TX,767,4.8,839,,
Ellis, TX,3862,5.7,50503,,
El Paso, TX,13750,5.3,256557,,
Erath, TX,2418,5,14569,,
Falls, TX,1422,5.2,6302,,
Fannin, TX,2042,5.2,12149,,
Fayette, TX,3790,5.3,10078,,
Fisher, TX,544,5.2,1668,,
Floyd, TX,602,5.3,2402,,
Foard, TX,216,4.8,573,,
Fort Bend, TX,9646,6.7,187384,,
Franklin, TX,1611,5.1,4159,,
Freestone, TX,2006,5.1,7259,,
Frio, TX,992,5,4854,,
Gaines, TX,695,5.2,5606,,
Galveston, TX,23523,5.3,108969,,
Garza, TX,566,5.1,1671,,
Gillespie, TX,2206,5.4,10572,,
Glasscock, TX,139,5.4,441,,
Goliad, TX,842,5.3,2868,,
Gonzales, TX,1674,4.6,7120,,
Gray, TX,1715,5.3,8443,,
Grayson, TX,6822,5.3,46905,,
Gregg, TX,3716,5.3,45798,,
Grimes, TX,2015,5.2,8902,,
Guadalupe, TX,4253,5.7,45762,,
Hale, TX,1695,5,11846,,
Hall, TX,571,5.1,1372,,
Hamilton, TX,1124,5.3,3442,,
Hansford, TX,332,5.4,2006,,
Hardeman, TX,695,5.1,1722,,
Hardin, TX,2135,5.3,20462,,
Harris, TX,163543,5.2,1435155,,
Harrison, TX,3181,5.4,24523,,
Hartley, TX,175,5.7,1771,,
Haskell, TX,1146,5,2297,,
Hays, TX,4172,5.3,55245,,
Hemphill, TX,247,5.4,1382,,
Henderson, TX,8575,5,31020,,
Hidalgo, TX,31816,4.9,216471,,
Hill, TX,2880,5.2,13238,,
Hockley, TX,1051,5.1,8242,,
Hood, TX,4156,5.5,20795,,
Hopkins, TX,1721,5.2,13308,,
Houston, TX,2876,5,8656,,
Howard, TX,1791,5.1,11333,,
Hudspeth, TX,353,5.1,1174,,
Hunt, TX,4628,5.1,32076,,
Hutchinson, TX,1817,5.2,8812,,
Irion, TX,203,5.2,653,,
Jack, TX,959,5.2,3136,,
Jackson, TX,1306,4.5,5284,,
Jasper, TX,3028,5.1,13770,,
Jeff Davis, TX,579,4.9,1034,,
Jefferson, TX,10983,5.2,93441,,
Jim Hogg, TX,539,4.8,1902,,
Jim Wells, TX,2186,5.1,13961,,
Johnson, TX,4526,5.6,52193,,
Jones, TX,1388,5.2,6034,,
Karnes, TX,1187,5,4463,,
Kaufman, TX,3358,5.6,34964,,
Kendall, TX,1438,5.8,12617,,
Kenedy, TX,86,3.8,147,,
Kent, TX,202,5.1,350,,
Kerr, TX,3281,5.2,20550,,
Kimble, TX,1355,4.9,2016,,
King, TX,73,4.9,113,,
Kinney, TX,590,4.8,1350,,
Kleberg, TX,1690,4.8,11097,,
Knox, TX,538,5.1,1506,,
Lamar, TX,2652,5.2,19829,,
Lamb, TX,1047,5.1,5081,,
Lampasas, TX,1179,5.2,7539,,
La Salle, TX,815,4.7,1931,,
Lavaca, TX,2536,4.7,7808,,
Lee, TX,1348,5.2,6151,,
Leon, TX,2613,5,6896,,
Liberty, TX,3686,5.1,25073,,
Limestone, TX,2037,5.4,8499,,
Lipscomb, TX,249,5.3,1263,,
Live Oak, TX,1808,4.8,4257,,
Llano, TX,5272,4.9,9008,,
Loving, TX,11,4.2,39,,
Lubbock, TX,9283,5,105781,,
Lynn, TX,430,5.2,2246,,
McCulloch, TX,964,5.1,3338,,
McLennan, TX,8232,5.2,86892,,
McMullen, TX,175,5,310,,
Madison, TX,909,5.2,4187,,
Marion, TX,1623,5,4595,,
Martin, TX,203,5.3,1649,,
Mason, TX,979,5.1,1754,,
Matagorda, TX,4907,4.9,13894,,
Maverick, TX,1899,4.9,15563,,
Medina, TX,2461,5.3,15530,,
Menard, TX,708,4.7,994,,
Midland, TX,3506,5.4,50845,,
Milam, TX,1897,5.2,9408,,
Mills, TX,871,5.2,1975,,
Mitchell, TX,1255,5.1,2809,,
Montague, TX,2142,5.3,7989,,
Montgomery, TX,15117,5.9,162530,,
Moore, TX,684,5,7197,,
Morris, TX,798,5.2,5226,,
Motley, TX,237,4.8,542,,
Nacogdoches, TX,3545,5,23861,,
Navarro, TX,2854,5.2,17380,,
Newton, TX,1666,5,5476,,
Nolan, TX,1153,5.1,5999,,
Nueces, TX,16446,5,124587,,
Ochiltree, TX,445,5.2,3617,,
Oldham, TX,150,5.3,691,,
Orange, TX,4282,5.3,31031,,
Palo Pinto, TX,4343,5.2,10871,,
Panola, TX,1649,5.5,9271,,
Parker, TX,4559,5.7,42069,,
Parmer, TX,386,5,3413,,
Pecos, TX,691,5,4894,,
Polk, TX,6180,5,16503,,
Potter, TX,4338,4.9,42933,,
Presidio, TX,919,4.7,2906,,
Rains, TX,892,4.9,4377,,
Randall, TX,3612,5.4,47975,,
Reagan, TX,216,5.1,1156,,
Real, TX,1225,4.8,1374,,
Red River, TX,1357,4.8,5469,,
Reeves, TX,801,5,3839,,
Refugio, TX,885,5,2841,,
Roberts, TX,80,6,359,,
Robertson, TX,1943,5.1,6541,,
Rockwall, TX,1491,6.7,26448,,
Runnels, TX,1133,5.7,4165,,
Rusk, TX,2715,5.1,18476,,
Sabine, TX,3250,4.9,4738,,
San Augustine, TX,1717,5,3625,,
San Jacinto, TX,3091,4.9,10096,,
San Patricio, TX,3884,5.1,22637,,
San Saba, TX,920,5,2257,,
Schleicher, TX,307,5.3,1182,,
Scurry, TX,1125,5.1,5838,,
Shackelford, TX,387,5.4,1367,,
Shelby, TX,2225,5,9648,,
Sherman, TX,171,5.3,1081,,
Smith, TX,8254,5.2,79055,,
Somervell, TX,596,5.1,3078,,
Starr, TX,2525,5,17001,,
Stephens, TX,1273,5.4,3665,,
Sterling, TX,175,5.3,440,,
Stonewall, TX,286,5,642,,
Sutton, TX,481,5.1,1550,,
Swisher, TX,459,5.2,2762,,
Tarrant, TX,57669,5.4,657134,,
Taylor, TX,5025,5.2,50725,,
Terrell, TX,270,4.6,430,,
Terry, TX,628,5.1,4200,,
Throckmorton, TX,358,5.4,721,,
Titus, TX,1241,5.1,10813,,
Tom Green, TX,4240,5.2,42331,,
Travis, TX,36773,5,404467,,
Trinity, TX,2571,5,6142,,
Tyler, TX,2572,5,8007,,
Upshur, TX,1688,5.2,14925,,
Upton, TX,292,5.2,1256,,
Uvalde, TX,1786,5.1,9025,,
Val Verde, TX,2997,4.9,15654,,
Van Zandt, TX,2770,5.3,20047,,
Victoria, TX,3230,5.3,32187,,
Walker, TX,3089,5.1,20969,,
Waller, TX,1799,5.1,14040,,
Ward, TX,699,5.1,3995,,
Washington, TX,2477,5.3,13037,,
Webb, TX,6390,5,67106,,
Wharton, TX,1995,5.1,15132,,
Wheeler, TX,549,5.3,2181,,
Wichita, TX,6550,5.1,49016,,
Wilbarger, TX,1029,5,5289,,
Willacy, TX,1276,4.9,5764,,
Williamson, TX,10167,5.9,152606,,
Wilson, TX,1757,5.5,15009,,
Winkler, TX,449,5.2,2578,,
Wise, TX,2766,5.5,21015,,
Wood, TX,3743,5.1,17118,,
Yoakum, TX,335,5.2,2643,,
Young, TX,1279,5.2,7343,,
Zapata, TX,1906,4.3,4297,,
Zavala, TX,710,4.9,3573,,
UTAH,,102017,6.2,877692,,
Beaver, UT,643,5.5,2265,,
Box Elder, UT,1268,7,16058,,
Cache, UT,2302,6.2,34722,,
Carbon, UT,1573,5.7,7978,,
Daggett, UT,715,5,426,,
Davis, UT,4025,7,93545,,
Duchesne, UT,3490,5.6,6003,,
Emery, UT,757,5.5,3732,,
Garfield, UT,1796,5.5,1930,,
Grand, UT,927,5.2,3889,,
Iron, UT,4645,5.5,15022,,
Juab, UT,409,6,3093,,
Kane, UT,2915,5.2,2900,,
Millard, UT,738,6.1,4201,,
Morgan, UT,186,7.1,2820,,
Piute, UT,322,5.3,576,,
Rich, UT,2029,5,805,,
Salt Lake, UT,21409,6.1,342622,,
San Juan, UT,1229,4.8,4505,,
Sanpete, UT,2427,6.1,7952,,
Sevier, UT,1355,6.1,7094,,
Summit, UT,13555,5.8,12990,,
Tooele, UT,1484,6.4,17971,,
Uintah, UT,1409,5.7,10563,,
Utah, UT,7748,6.7,140602,,
Wasatch, UT,3290,6.5,7287,,
Washington, UT,11400,5.4,46334,,
Wayne, UT,532,5.5,1059,,
Weber, UT,7439,6.1,78748,,
VERMONT,,66097,5.6,256442,,
Addison, VT,2676,5.7,14084,,
Bennington, VT,5452,5.9,15470,,
Caledonia, VT,3389,5.6,12553,,
Chittenden, VT,3895,5.5,61827,,
Essex, VT,2201,5,2818,,
Franklin, VT,3075,5.7,18513,,
Grand Isle, VT,2146,5.1,2902,,
Lamoille, VT,2955,5.5,10014,,
Orange, VT,2958,5.6,11887,,
Orleans, VT,4842,5.5,11320,,
Rutland, VT,7784,5.5,25984,,
Washington, VT,4914,5.7,25027,,
Windham, VT,10445,5.5,19290,,
Windsor, VT,9365,5.7,24753,,
VIRGINIA,,308881,5.9,3056058,,
Accomack, VA,7204,5.3,13798,,
Albemarle, VA,3965,5.9,38157,,
Alleghany, VA,1183,5.9,6891,,
Amelia, VA,538,5.7,4821,,
Amherst, VA,1416,5.6,12560,,
Appomattox, VA,888,5.5,6033,,
Arlington, VA,7354,4.4,98050,,
Augusta, VA,2678,5.9,28516,,
Bath, VA,1108,5.9,2162,,
Bedford, VA,4472,6,27465,,
Bland, VA,699,5.6,2566,,
Botetourt, VA,1436,6.3,13126,,
Brunswick, VA,1800,5.7,6366,,
Buchanan, VA,1608,5.2,9968,,
Buckingham, VA,1279,5.3,5965,,
Campbell, VA,2328,5.4,22441,,
Caroline, VA,1273,5.9,10456,,
Carroll, VA,3738,5.2,12831,,
Charles City, VA,274,5.8,2955,,
Charlotte, VA,1164,5.6,5109,,
Chesterfield, VA,6875,6.7,115680,,
Clarke, VA,726,6.1,5509,,
Craig, VA,626,5.7,2183,,
Culpeper, VA,1426,6.1,16231,,
Cumberland, VA,646,5.7,3980,,
Dickenson, VA,989,5.4,6590,,
Dinwiddie, VA,918,5.5,10504,,
Essex, VA,1240,6,4517,,
Fairfax, VA,16371,6.8,391627,,
Fauquier, VA,1942,6.8,23658,,
Floyd, VA,1375,5.5,6415,,
Fluvanna, VA,934,6.2,9449,,
Franklin, VA,6535,5.5,22780,,
Frederick, VA,2482,6.1,28864,,
Giles, VA,1104,5.6,7215,,
Gloucester, VA,1559,5.8,14293,,
Goochland, VA,620,6.9,7998,,
Grayson, VA,2310,5.4,6846,,
Greene, VA,729,5.9,6780,,
Greensville, VA,524,5.4,3566,,
Halifax, VA,2919,5.5,15085,,
Hanover, VA,1771,7,36589,,
Henrico, VA,8177,6,124601,,
Henry, VA,3117,5.3,23151,,
Highland, VA,756,6.2,1081,,
Isle of Wight, VA,915,6.3,13718,,
James City, VA,2937,6.6,26860,,
King and Queen, VA,532,5.6,2882,,
King George, VA,1101,6.2,8376,,
King William, VA,543,6,5979,,
Lancaster, VA,2137,5.9,5265,,
Lee, VA,1586,5.4,10159,,
Loudoun, VA,4859,7.2,104583,,
Louisa, VA,3375,5.8,12944,,
Lunenburg, VA,978,5.5,4957,,
Madison, VA,849,6,5083,,
Mathews, VA,1811,5.8,3858,,
Mecklenburg, VA,5096,5.4,13495,,
Middlesex, VA,2425,5.9,4708,,
Montgomery, VA,2802,5.4,35767,,
Nelson, VA,3535,5.3,6396,,
New Kent, VA,482,6.4,6813,,
Northampton, VA,1978,5.7,5323,,
Northumberland, VA,3455,6,5540,,
Nottoway, VA,944,5.6,5706,,
Orange, VA,1721,5.9,12895,,
Page, VA,1854,5.7,9746,,
Patrick, VA,2002,5.1,8081,,
Pittsylvania, VA,5124,5.4,26183,,
Powhatan, VA,549,6.7,9494,,
Prince Edward, VA,1233,5.3,7916,,
Prince George, VA,605,6.1,11451,,
Prince William, VA,6330,7,130785,,
Pulaski, VA,2414,5.4,14821,,
Rappahannock, VA,767,6,3072,,
Richmond, VA,691,5.9,3159,,
Roanoke, VA,2408,6.4,37608,,
Rockbridge, VA,1597,5.8,9555,,
Rockingham, VA,4483,5.8,29177,,
Russell, VA,1541,5.3,11943,,
Scott, VA,2141,5.4,9775,,
Shenandoah, VA,3800,5.7,17076,,
Smyth, VA,2108,5.4,13319,,
Southampton, VA,754,5.9,6719,,
Spotsylvania, VA,3243,6.7,41942,,
Stafford, VA,2209,7.4,41769,,
Surry, VA,618,5.5,2826,,
Sussex, VA,702,5.3,3994,,
Tazewell, VA,2377,5.5,18449,,
Warren, VA,1949,5.8,14085,,
Washington, VA,2758,5.5,22843,,
Westmoreland, VA,3308,5.8,7310,,
Wise, VA,1972,5.3,15968,,
Wythe, VA,1607,5.4,12472,,
York, VA,2843,6.7,24006,,
Alexandria, VA,4294,4.4,68082,,
Bedford, VA,293,5.2,2627,,
Bristol, VA,952,5.5,7879,,
Buena Vista, VA,333,5.4,2603,,
Charlottesville, VA,1411,5.1,17778,,
Chesapeake, VA,3622,6.4,79574,,
Clifton Forge, VA,0,0,0,,
Colonial Heights, VA,556,6,7275,,
Covington, VA,435,5.5,2632,,
Danville, VA,3607,5.2,18831,,
Emporia, VA,249,5.1,2316,,
Fairfax, VA,333,6.8,8347,,
Falls Church, VA,388,6.1,5101,,
Franklin, VA,371,5.6,3530,,
Fredericksburg, VA,962,4.9,9505,,
Galax, VA,330,4.8,2922,,
Hampton, VA,4535,5.5,55031,,
Harrisonburg, VA,1456,5.1,15988,,
Hopewell, VA,992,5.1,9129,,
Lexington, VA,309,5.9,2237,,
Lynchburg, VA,3516,5.5,28476,,
Manassas, VA,596,6.1,12527,,
Manassas Park, VA,397,6.1,4507,,
Martinsville, VA,1121,5.7,6084,,
Newport News, VA,5534,5.4,70664,,
Norfolk, VA,8533,5.2,86485,,
Norton, VA,195,5.4,1750,,
Petersburg, VA,2692,5,13634,,
Poquoson, VA,201,6.9,4525,,
Portsmouth, VA,3482,5.5,37324,,
Radford, VA,437,5.5,5990,,
Richmond, VA,11198,5,87151,,
Roanoke, VA,4741,5.4,42712,,
Salem, VA,787,5.8,10045,,
South Boston, VA,0,0,0,,
Staunton, VA,1258,5.7,10480,,
Suffolk, VA,2167,6.3,30868,,
Virginia Beach, VA,12790,6,165089,,
Waynesboro, VA,814,5.6,8903,,
Williamsburg, VA,605,5.6,4571,,
Winchester, VA,1265,5.3,10607,,
WASHINGTON,,265601,5.5,2620076,,
Adams, WA,522,5.4,5720,,
Asotin, WA,636,5.5,9236,,
Benton, WA,3314,5.9,65304,,
Chelan, WA,7638,5.6,27827,,
Clallam, WA,4253,5.4,31329,,
Clark, WA,9314,5.8,158099,,
Columbia, WA,374,5.7,1762,,
Cowlitz, WA,3206,5.6,40244,,
Douglas, WA,2110,5.6,13894,,
Ferry, WA,1213,4.9,3190,,
Franklin, WA,1178,5.5,23245,,
Garfield, WA,244,6,989,,
Grant, WA,5042,5.2,30041,,
Grays Harbor, WA,6587,5.2,28579,,
Island, WA,7488,5.7,32746,,
Jefferson, WA,3718,5.2,14049,,
King, WA,62029,5.3,789232,,
Kitsap, WA,10147,5.6,97220,,
Kittitas, WA,5305,4.9,16595,,
Klickitat, WA,1459,5.4,8327,,
Lewis, WA,4307,5.5,29743,,
Lincoln, WA,1354,5.8,4422,,
Mason, WA,8686,5,23832,,
Okanogan, WA,5726,5.1,16519,,
Pacific, WA,6048,4.9,9499,,
Pend Oreille, WA,2457,4.9,5479,,
Pierce, WA,25457,5.6,299918,,
San Juan, WA,5700,4.7,7613,,
Skagit, WA,5916,5.5,45557,,
Skamania, WA,1106,5.3,4522,,
Snohomish, WA,18334,5.7,268325,,
Spokane, WA,14267,5.8,187167,,
Stevens, WA,3840,5.6,17316,,
Thurston, WA,7532,5.6,100650,,
Wahkiakum, WA,330,5.6,1737,,
Walla Walla, WA,1732,5.5,21719,,
Whatcom, WA,10295,5.2,80370,,
Whitman, WA,1855,4.9,17468,,
Yakima, WA,4882,5.4,80592,,
WEST VIRGINIA,,118086,5.6,763831,,
Barbour, WV,1301,5.6,6548,,
Berkeley, WV,4907,5.7,39855,,
Boone, WV,1142,5.5,9928,,
Braxton, WV,1415,5.3,6000,,
Brooke, WV,947,5.5,10020,,
Cabell, WV,4946,5.5,41223,,
Calhoun, WV,695,5.3,3268,,
Clay, WV,844,5.2,3728,,
Doddridge, WV,847,5.6,3099,,
Fayette, WV,2805,5.4,18813,,
Gilmer, WV,695,5.4,2753,,
Grant, WV,1425,5.4,4941,,
Greenbrier, WV,3537,5.6,15443,,
Hampshire, WV,4093,5.3,9595,,
Hancock, WV,1244,5.6,13297,,
Hardy, WV,2260,5.4,5818,,
Harrison, WV,2898,5.6,28533,,
Jackson, WV,1374,5.8,11931,,
Jefferson, WV,2106,6.2,19931,,
Kanawha, WV,8417,5.6,84201,,
Lewis, WV,1095,5.8,6863,,
Lincoln, WV,1104,5.2,8783,,
Logan, WV,1836,5.4,14907,,
McDowell, WV,2146,5.3,9176,,
Marion, WV,2677,5.4,23786,,
Marshall, WV,2049,5.5,13869,,
Mason, WV,1857,5.4,11149,,
Mercer, WV,3512,5.4,26603,,
Mineral, WV,1489,5.6,11550,,
Mingo, WV,1574,5.3,11125,,
Monongalia, WV,3461,5.1,39777,,
Monroe, WV,1946,5.6,5655,,
Morgan, WV,2450,5.6,7303,,
Nicholas, WV,2126,5.4,10938,,
Ohio, WV,2258,5.6,18914,,
Pendleton, WV,1847,5.7,3285,,
Pleasants, WV,529,5.5,2861,,
Pocahontas, WV,5089,4.7,3758,,
Preston, WV,2202,5.6,12895,,
Putnam, WV,1457,6.1,21981,,
Raleigh, WV,4100,6,31831,,
Randolph, WV,2494,5.7,11695,,
Ritchie, WV,1476,5.9,4367,,
Roane, WV,1156,5.5,6195,,
Summers, WV,2108,5.5,5572,,
Taylor, WV,763,5.4,6778,,
Tucker, WV,2289,5.7,3057,,
Tyler, WV,1142,5.9,3858,,
Upshur, WV,1480,5.9,9619,,
Wayne, WV,1880,5.6,17347,,
Webster, WV,1636,5.4,3792,,
Wetzel, WV,1205,5.7,6968,,
Wirt, WV,840,5.5,2391,,
Wood, WV,3644,5.7,36571,,
Wyoming, WV,1271,5.5,9687,,
WISCONSIN,,344590,5.5,2279768,,
Adams, WI,8770,5.1,8666,,
Ashland, WI,2920,5.1,6736,,
Barron, WI,4441,5.4,19173,,
Bayfield, WI,6313,4.7,6686,,
Brown, WI,5988,5.4,98383,,
Buffalo, WI,956,5.9,5708,,
Burnett, WI,8471,4.9,6807,,
Calumet, WI,1120,5.9,18575,,
Chippewa, WI,2775,5.8,24410,,
Clark, WI,2397,5.8,12679,,
Columbia, WI,3402,5.9,22735,,
Crawford, WI,1990,5.4,6812,,
Dane, WI,12272,5.4,203750,,
Dodge, WI,3165,5.7,33840,,
Door, WI,11418,5.4,12548,,
Douglas, WI,4270,5.4,18555,,
Dunn, WI,1591,5.6,16373,,
Eau Claire, WI,2658,5.5,39493,,
Florence, WI,2793,4.5,1987,,
Fond du Lac, WI,3213,5.7,40697,,
Forest, WI,5134,4.6,3836,,
Grant, WI,2185,5.9,19396,,
Green, WI,990,5.9,14866,,
Green Lake, WI,2697,5.8,7919,,
Iowa, WI,1172,5.9,9547,,
Iron, WI,3177,5.1,2822,,
Jackson, WI,1884,5.5,7843,,
Jefferson, WI,3030,5.7,32117,,
Juneau, WI,4142,5.3,10527,,
Kenosha, WI,6638,5.3,62650,,
Kewaunee, WI,1065,5.8,8239,,
La Crosse, WI,2265,5.5,46137,,
Lafayette, WI,621,6.1,6609,,
Langlade, WI,3773,5.2,8587,,
Lincoln, WI,4690,5.4,12094,,
Manitowoc, WI,3176,5.7,34013,,
Marathon, WI,4558,5.8,53176,,
Marinette, WI,12405,5,17974,,
Marquette, WI,3325,5.4,6571,,
Menominee, WI,935,4.9,1318,,
Milwaukee, WI,34462,5.1,383591,,
Monroe, WI,1828,5.7,17376,,
Oconto, WI,8122,5.3,15415,,
Oneida, WI,14122,5.1,16003,,
Outagamie, WI,3501,5.7,69648,,
Ozaukee, WI,2039,6.2,34228,,
Pepin, WI,528,6,3051,,
Pierce, WI,1130,6.2,15002,,
Polk, WI,6244,5.4,18004,,
Portage, WI,2240,5.7,27814,,
Price, WI,4791,5.1,6329,,
Racine, WI,6513,5.5,75651,,
Richland, WI,1519,5.6,7349,,
Rock, WI,5517,5.7,62905,,
Rusk, WI,2651,5.3,6232,,
St. Croix, WI,2184,6.2,31799,,
Sauk, WI,4516,5.8,25192,,
Sawyer, WI,8937,4.8,7038,,
Shawano, WI,3701,5.6,17019,,
Sheboygan, WI,4376,5.7,46390,,
Taylor, WI,2194,5.6,8388,,
Trempealeau, WI,1095,5.8,11524,,
Vernon, WI,2104,5.7,11616,,
Vilas, WI,15458,4.9,9658,,
Walworth, WI,11832,5.6,39699,,
Washburn, WI,6063,5,6916,,
Washington, WI,3090,5.9,51605,,
Waukesha, WI,8201,6.1,152663,,
Waupaca, WI,4009,5.7,21387,,
Waushara, WI,4894,5.2,9949,,
Winnebago, WI,5454,5.4,67875,,
Wood, WI,2490,5.6,31598,,
WYOMING,,34989,5.5,226879,,
Albany, WY,2248,4.8,15691,,
Big Horn, WY,818,5.7,4561,,
Campbell, WY,1783,5.7,17172,,
Carbon, WY,2188,5.3,6388,,
Converse, WY,730,5.7,5673,,
Crook, WY,674,5.5,2921,,
Fremont, WY,2341,5.3,15455,,
Goshen, WY,661,5.8,5311,,
Hot Springs, WY,397,5.4,2185,,
Johnson, WY,771,5.3,3782,,
Laramie, WY,2886,5.8,37576,,
Lincoln, WY,2085,5.6,6861,,
Natrona, WY,3191,5.7,30616,,
Niobrara, WY,269,5.9,1069,,
Park, WY,1677,5.5,11885,,
Platte, WY,829,5.3,3838,,
Sheridan, WY,1579,5.4,12360,,
Sublette, WY,1864,4.9,3906,,
Sweetwater, WY,2260,5.5,16475,,
Teton, WY,3840,4.8,8973,,
Uinta, WY,1045,5.7,7668,,
Washakie, WY,341,5.9,3492,,
Weston, WY,512,5.5,3021,,
