Areaname,,"Resident population: White alone, percent (July 1 - estimate) 2009","Resident population: Black alone, percent (July 1 - estimate) 2009","Resident population: Asian alone, percent (July 1 - estimate) 2009"
UNITED STATES,,79.6,12.9,4.6
ALABAMA,,70.9,26.3,1
Autauga, AL,79.4,18.4,0.6
Baldwin, AL,87.8,10,0.6
Barbour, AL,51.7,46.6,0.3
Bibb, AL,76.7,22.3,0.1
Blount, AL,96.2,2.1,0.2
Bullock, AL,30.4,68.2,0.3
Butler, AL,56.8,41.9,0.5
Calhoun, AL,77.6,20,0.8
Chambers, AL,61,37.8,0.2
Cherokee, AL,92.8,5.6,0.4
Chilton, AL,87.3,11.4,0.3
Choctaw, AL,55.5,43.6,0.1
Clarke, AL,55.2,43.6,0.3
Clay, AL,82.6,15.8,0.1
Cleburne, AL,94.2,4.5,0.1
Coffee, AL,78,17.9,1.2
Colbert, AL,81.6,16.6,0.3
Conecuh, AL,55.2,43.6,0.1
Coosa, AL,68.2,30.4,0.1
Covington, AL,85.1,13.1,0.4
Crenshaw, AL,73.3,25.2,0.2
Cullman, AL,96.7,1.7,0.2
Dale, AL,75.2,20.6,1.3
Dallas, AL,31,67.8,0.4
DeKalb, AL,95.4,2,0.4
Elmore, AL,76.1,21.8,0.5
Escambia, AL,63.1,32.1,0.3
Etowah, AL,83.3,14.8,0.5
Fayette, AL,86.3,12.4,0.4
Franklin, AL,93.7,4.4,0.3
Geneva, AL,87.6,10.5,0.1
Greene, AL,20.2,79.1,0.2
Hale, AL,41.3,57.7,0.2
Henry, AL,68.9,30,0.1
Houston, AL,71.7,25.9,0.9
Jackson, AL,91.8,3.8,0.3
Jefferson, AL,56.2,40.9,1.4
Lamar, AL,87.3,11.7,0.1
Lauderdale, AL,88,10.3,0.4
Lawrence, AL,79,11.8,0.2
Lee, AL,73.2,23.6,2
Limestone, AL,84.2,13.5,0.8
Lowndes, AL,28.9,70.1,0.1
Macon, AL,16.1,81.8,1.1
Madison, AL,70.8,24.3,2.3
Marengo, AL,48,51.1,0.2
Marion, AL,94.3,4.2,0.2
Marshall, AL,95.4,2.1,0.6
Mobile, AL,61.7,34.5,2
Monroe, AL,56.8,40.8,0.3
Montgomery, AL,42.9,54.3,1.4
Morgan, AL,85.1,12,0.8
Perry, AL,31.5,67.5,0.1
Pickens, AL,56.6,42.3,0.1
Pike, AL,59.7,37.3,0.8
Randolph, AL,76.6,22,0.4
Russell, AL,55.8,41.7,0.7
St. Clair, AL,88.9,9.4,0.4
Shelby, AL,86.7,10.6,1.5
Sumter, AL,26.9,72.1,0.1
Talladega, AL,66.7,31.8,0.4
Tallapoosa, AL,73,25.8,0.3
Tuscaloosa, AL,66.4,31.2,1.2
Walker, AL,91.9,6.6,0.3
Washington, AL,65.2,25.8,0.1
Wilcox, AL,27.5,71.8,0.1
Winston, AL,97.4,1,0.2
ALASKA,,70.3,4.2,5
Aleutians East, AK,32.5,1.9,35.3
Aleutians West, AK,44.9,3.6,27.3
Anchorage, AK,71.7,6.9,7.3
Bethel, AK,12.7,1,1.4
Bristol Bay, AK,48.2,0.8,0.9
Denali, AK,85.7,1.6,2.1
Dillingham, AK,20.6,0.4,0.7
Fairbanks North Star, AK,79.3,6.4,2.7
Haines, AK,83.2,0.3,0.7
Hoonah-Angoon, AK,44.9,0.3,0.5
Juneau, AK,72.8,1.1,5.8
Kenai Peninsula, AK,86.5,0.7,1.2
Ketchikan Gateway, AK,71.3,1.1,5.7
Kodiak Island, AK,61.3,1.7,17.4
Lake and Peninsula, AK,20.7,0.1,1
Matanuska-Susitna, AK,86.9,1.4,1.1
Nome, AK,17.4,0.6,1.3
North Slope, AK,13.8,1.2,7.9
Northwest Arctic, AK,12.4,0.7,1
Petersburg, AK,72,0.3,2.6
Prince of Wales-Hyder, AK,52.6,0.2,0.4
Sitka, AK,66.6,0.4,5.4
Skagway, AK,90.5,0,0.5
Southeast Fairbanks, AK,80.8,2.4,0.7
Valdez-Cordova, AK,73.4,0.5,5.4
Wade Hampton, AK,6.2,0.3,0.1
Wrangell, AK,70.8,0.1,1
Yakutat, AK,47.7,0.1,1.9
Yukon-Koyukuk, AK,25.3,0.4,0.4
ARIZONA,,86.1,4.4,2.6
Apache, AZ,23.8,1.7,0.5
Cochise, AZ,88.7,5.1,2
Coconino, AZ,64.8,1.5,1.3
Gila, AZ,82,0.8,0.8
Graham, AZ,80.4,2.6,0.6
Greenlee, AZ,93.5,1.8,0.4
La Paz, AZ,82.6,1.1,0.5
Maricopa, AZ,87.3,5.2,3.2
Mohave, AZ,92.8,1.5,1.2
Navajo, AZ,50.4,1.4,0.4
Pima, AZ,87.6,4,2.7
Pinal, AZ,85.7,4.6,1.7
Santa Cruz, AZ,97,0.7,0.7
Yavapai, AZ,94.8,1,0.9
Yuma, AZ,92,3.4,1.3
ARKANSAS,,80.6,15.8,1.2
Arkansas, AR,73.3,25,0.4
Ashley, AR,71.4,27.1,0.3
Baxter, AR,97.4,0.6,0.3
Benton, AR,91.5,2.2,2.4
Boone, AR,96.9,0.8,0.4
Bradley, AR,70.1,28.7,0.2
Calhoun, AR,75.3,23.2,0
Carroll, AR,96.6,0.5,0.5
Chicot, AR,43.3,54.9,0.5
Clark, AR,74.6,22.5,0.8
Clay, AR,97.1,0.7,0.4
Cleburne, AR,97.4,1.1,0.1
Cleveland, AR,83.8,14.4,0.3
Columbia, AR,61.2,37.1,0.4
Conway, AR,86.1,11.6,0.3
Craighead, AR,85.7,12,0.7
Crawford, AR,92.7,1.6,1.3
Crittenden, AR,48.7,49.1,0.7
Cross, AR,75.4,23,0.4
Dallas, AR,56.5,41.8,0.4
Desha, AR,49.9,48.3,0.4
Drew, AR,70.2,28,0.5
Faulkner, AR,86.5,10.7,0.9
Franklin, AR,95.6,1.3,0.5
Fulton, AR,96.9,0.8,0.2
Garland, AR,88.9,8.2,0.6
Grant, AR,94.2,4.3,0.1
Greene, AR,96.9,1,0.2
Hempstead, AR,68.5,29,0.3
Hot Spring, AR,86.6,11.2,0.2
Howard, AR,76.6,21.2,0.6
Independence, AR,94.2,2.6,1.1
Izard, AR,96,1.9,0.1
Jackson, AR,77.9,20.3,0.2
Jefferson, AR,43.9,53.4,1.3
Johnson, AR,95.1,1.8,0.5
Lafayette, AR,62.3,36.1,0.3
Lawrence, AR,96.9,1.1,0.1
Lee, AR,42.4,56.2,0.4
Lincoln, AR,66.5,32,0.1
Little River, AR,75.8,20.3,0.2
Logan, AR,94.8,1.5,1.1
Lonoke, AR,90.5,7.1,0.6
Madison, AR,96.4,0.7,0.2
Marion, AR,97.1,0.6,0.2
Miller, AR,73.5,23.5,0.6
Mississippi, AR,63.2,34.3,0.5
Monroe, AR,59.7,38,0.2
Montgomery, AR,95.9,0.7,0.5
Nevada, AR,66.4,32,0.1
Newton, AR,97.3,0.4,0.2
Ouachita, AR,58.2,39.7,0.4
Perry, AR,94.8,2.7,0.1
Phillips, AR,36.5,61.5,0.7
Pike, AR,93.4,4.2,0.3
Poinsett, AR,90.6,7.9,0.2
Polk, AR,95.3,0.7,0.2
Pope, AR,93.5,3.4,0.9
Prairie, AR,84,14.5,0.2
Pulaski, AR,60.8,34.7,2
Randolph, AR,96.7,1.3,0.2
St. Francis, AR,47.6,50.5,0.7
Saline, AR,92.4,5.1,0.7
Scott, AR,93,1,2.8
Searcy, AR,96.9,0.6,0.2
Sebastian, AR,84.9,6.6,3.9
Sevier, AR,91.3,4.5,0.2
Sharp, AR,96.3,1.3,0.2
Stone, AR,96.7,0.6,0.2
Union, AR,64.3,33.4,0.9
Van Buren, AR,96.3,0.9,0.4
Washington, AR,89.7,3.6,2.2
White, AR,93,4.6,0.4
Woodruff, AR,69.1,28.5,0.1
Yell, AR,94.5,2.1,1.4
CALIFORNIA,,76.4,6.6,12.7
Alameda, CA,56.1,13.2,25.4
Alpine, CA,68.5,0.7,0.4
Amador, CA,90.3,4,1.6
Butte, CA,88.3,1.8,4.4
Calaveras, CA,92.5,1.3,1.6
Colusa, CA,92.1,1.3,1.8
Contra Costa, CA,71.2,9.7,14.1
Del Norte, CA,81.8,4.5,2.8
El Dorado, CA,91.1,1.3,3.6
Fresno, CA,80.9,5.8,9
Glenn, CA,91,0.9,3.6
Humboldt, CA,85.7,1.2,2.1
Imperial, CA,89.9,4.2,2.6
Inyo, CA,83.4,0.4,1.4
Kern, CA,85.3,6.5,4.1
Kings, CA,84,8.1,3.4
Lake, CA,89.7,2.4,1.4
Lassen, CA,82.5,10,1
Los Angeles, CA,74,9.3,13.4
Madera, CA,87.6,4.6,2.1
Marin, CA,87.6,3.1,5.8
Mariposa, CA,90.9,1.2,1
Mendocino, CA,88.5,0.9,1.5
Merced, CA,84.6,4.1,7
Modoc, CA,91,1,0.7
Mono, CA,92.5,1,1.5
Monterey, CA,85.5,3.5,6.4
Napa, CA,87.9,2.1,6.2
Nevada, CA,94.5,0.6,1.4
Orange, CA,78,2,16.6
Placer, CA,88.6,1.8,5.6
Plumas, CA,92.9,0.9,0.7
Riverside, CA,83.3,6.8,5.6
Sacramento, CA,69.3,10.5,13.6
San Benito, CA,90.9,1.4,3.3
San Bernardino, CA,80.1,9.5,6
San Diego, CA,79.4,5.6,10.4
San Francisco, CA,58,6.7,31.4
San Joaquin, CA,72.5,8,14
San Luis Obispo, CA,90.7,2.1,3.3
San Mateo, CA,66.5,3.2,24.9
Santa Barbara, CA,88.6,2.4,4.5
Santa Clara, CA,61.6,2.9,31.7
Santa Cruz, CA,90.1,1.3,4.2
Shasta, CA,89.9,1.1,2.5
Sierra, CA,94.9,0.3,0.2
Siskiyou, CA,89.1,1.6,1.3
Solano, CA,63.5,15.3,14.3
Sonoma, CA,89.6,1.8,4
Stanislaus, CA,86.5,3.3,5.2
Sutter, CA,79.3,2.4,13.3
Tehama, CA,92.6,1,1.3
Trinity, CA,89.9,0.5,0.7
Tulare, CA,90.5,2.1,3.6
Tuolumne, CA,91.5,2.3,1.1
Ventura, CA,87.1,2.2,6.7
Yolo, CA,79.7,3.1,11.8
Yuba, CA,81.6,3.5,7.6
COLORADO,,89.5,4.4,2.7
Adams, CO,89.6,3.6,3.4
Alamosa, CO,90.7,1.8,1.4
Arapahoe, CO,81.7,10.1,4.7
Archuleta, CO,96.3,0.4,0.3
Baca, CO,96,0.1,0.2
Bent, CO,85.7,8.9,0.8
Boulder, CO,92.5,1.2,3.8
Broomfield, CO,90.9,1.4,5.2
Chaffee, CO,95.3,1.7,0.5
Cheyenne, CO,97.6,0.6,0.2
Clear Creek, CO,95.8,0.8,0.8
Conejos, CO,96,0.4,0.3
Costilla, CO,90.9,1.1,1.1
Crowley, CO,84.6,10,1.1
Custer, CO,97,0.4,0.4
Delta, CO,96.2,0.8,0.4
Denver, CO,82.7,10.2,3.5
Dolores, CO,95.6,0.1,0.4
Douglas, CO,92.2,1.9,3.7
Eagle, CO,96.7,0.7,1.1
Elbert, CO,95.7,1.3,0.6
El Paso, CO,84.7,7.3,3.1
Fremont, CO,90.5,5.6,0.6
Garfield, CO,95.9,1.2,0.6
Gilpin, CO,95.9,0.5,1.2
Grand, CO,96.5,0.9,1
Gunnison, CO,95.7,0.8,0.6
Hinsdale, CO,97.6,0,0.4
Huerfano, CO,89.4,3.9,0.6
Jackson, CO,97.7,0.4,0.1
Jefferson, CO,92.7,1.6,2.8
Kiowa, CO,96.8,0.6,0.2
Kit Carson, CO,93,5.2,0.4
Lake, CO,94.9,0.3,0.7
La Plata, CO,89.8,0.6,0.7
Larimer, CO,94.3,1.2,1.8
Las Animas, CO,92.8,1.5,0.6
Lincoln, CO,89.8,6.4,0.9
Logan, CO,94.4,3.1,0.4
Mesa, CO,95.4,1.1,0.7
Mineral, CO,97,0,0
Moffat, CO,95.8,0.8,0.7
Montezuma, CO,82.8,0.5,0.3
Montrose, CO,95.8,0.7,0.6
Morgan, CO,95.3,1.8,0.4
Otero, CO,93.6,1.3,0.8
Ouray, CO,97.5,0.1,0.3
Park, CO,96.2,0.7,0.5
Phillips, CO,96.5,0.2,0.4
Pitkin, CO,96.4,0.7,1.5
Prowers, CO,95,0.5,1
Pueblo, CO,92.9,2.5,0.8
Rio Blanco, CO,96.2,0.7,0.4
Rio Grande, CO,95.2,0.8,0.4
Routt, CO,96.8,0.8,0.7
Saguache, CO,95.5,0.2,0.5
San Juan, CO,98,0,0.2
San Miguel, CO,96.9,0.3,0.8
Sedgwick, CO,96.8,0.6,1
Summit, CO,96.1,1.3,0.9
Teller, CO,94.5,1.5,0.7
Washington, CO,98.2,0,0.1
Weld, CO,95,1.2,1.2
Yuma, CO,98.3,0.2,0.1
CONNECTICUT,,84,10.4,3.6
Fairfield, CT,83,10.8,4.5
Hartford, CT,80.5,13.8,3.7
Litchfield, CT,95.3,1.7,1.7
Middlesex, CT,91.3,4.9,2.2
New Haven, CT,81.4,13.1,3.5
New London, CT,86.4,6.4,3.7
Tolland, CT,91.4,3.8,3.3
Windham, CT,94.2,2.6,1.1
DELAWARE,,73.9,21.1,3
Kent, DE,71.9,23.3,2
New Castle, DE,70.9,23.3,4
Sussex, DE,84,13.4,0.9
DISTRICT OF COLUMBIA,,40.6,54,3.2
District of Columbia,,40.6,54,3.2
FLORIDA,,79.4,16.1,2.4
Alachua, FL,73.2,19.9,4.6
Baker, FL,84.4,13.7,0.4
Bay, FL,83,11.8,2
Bradford, FL,75.8,21.6,0.8
Brevard, FL,85.4,10.2,2.2
Broward, FL,68.6,25.9,3.3
Calhoun, FL,79.8,16.6,0.7
Charlotte, FL,91.6,5.8,1.4
Citrus, FL,93.8,3.3,1.4
Clay, FL,83.9,10.6,2.9
Collier, FL,92,5.7,1.1
Columbia, FL,79.9,17.2,0.9
DeSoto, FL,83.7,11.7,0.7
Dixie, FL,88.6,9.5,0.2
Duval, FL,64,30,3.6
Escambia, FL,71,22.7,2.6
Flagler, FL,85.5,10.7,2.2
Franklin, FL,80.7,16.9,0.3
Gadsden, FL,43.5,55,0.5
Gilchrist, FL,91.2,7.1,0.2
Glades, FL,81.4,11.5,0.5
Gulf, FL,75.6,21.7,0.4
Hamilton, FL,63.2,34.9,0.3
Hardee, FL,87.7,9,0.7
Hendry, FL,83.3,13.3,0.7
Hernando, FL,91.6,5.6,1.3
Highlands, FL,87.4,9.6,1.5
Hillsborough, FL,77.3,16.9,3.3
Holmes, FL,89.1,7.8,0.4
Indian River, FL,88.6,9,1.2
Jackson, FL,69.9,27.2,0.6
Jefferson, FL,64.2,33.9,0.3
Lafayette, FL,82.2,15.8,0.2
Lake, FL,87.3,9.4,1.8
Lee, FL,88.9,8.1,1.4
Leon, FL,63.5,32,2.6
Levy, FL,87.4,10.5,0.5
Liberty, FL,78,19,0.2
Madison, FL,59.9,38.4,0.3
Manatee, FL,87.6,9.1,1.7
Marion, FL,84.7,12.1,1.4
Martin, FL,90,6.1,1.2
Miami-Dade, FL,77.2,19.5,1.6
Monroe, FL,91.1,5.7,1.4
Nassau, FL,89.3,8.1,0.9
Okaloosa, FL,83,10.1,2.8
Okeechobee, FL,87.7,8.6,1.2
Orange, FL,71.7,20.9,4.7
Osceola, FL,81.8,12,3.2
Palm Beach, FL,78.7,16.9,2.4
Pasco, FL,91.3,4.7,2.1
Pinellas, FL,84.5,10.5,3
Polk, FL,82,14.4,1.7
Putnam, FL,81.2,16.6,0.5
St. Johns, FL,89.9,6.5,2.1
St. Lucie, FL,78.5,18,1.7
Santa Rosa, FL,88.8,6,1.9
Sarasota, FL,92.7,4.8,1.3
Seminole, FL,82.2,11.9,3.7
Sumter, FL,85.7,12.1,0.7
Suwannee, FL,86.3,11.4,0.6
Taylor, FL,74.2,22.7,0.5
Union, FL,74.4,23,0.4
Volusia, FL,86.1,10.6,1.6
Wakulla, FL,83.3,14.5,0.4
Walton, FL,88.8,7.5,0.7
Washington, FL,80.1,15.4,0.8
GEORGIA,,65,30.2,3
Appling, GA,79.8,18.7,0.5
Atkinson, GA,80.7,16.8,0.3
Bacon, GA,80.4,17.5,0.8
Baker, GA,49.8,49.3,0.1
Baldwin, GA,54.6,43.1,1.3
Banks, GA,93.7,4.2,1
Barrow, GA,83.7,11.7,3.1
Bartow, GA,87.6,10.1,0.8
Ben Hill, GA,65.2,33.4,0.4
Berrien, GA,86.5,11.5,0.4
Bibb, GA,46.3,51.1,1.5
Bleckley, GA,71.3,26.7,1
Brantley, GA,93.5,5.1,0.1
Brooks, GA,62.3,35.8,0.4
Bryan, GA,80.7,15.5,1.6
Bulloch, GA,68,29.6,1.2
Burke, GA,48.3,50,0.3
Butts, GA,71.9,26.3,0.4
Calhoun, GA,38.2,61.1,0.1
Camden, GA,76.1,19.7,1.3
Candler, GA,74.2,24.1,0.3
Carroll, GA,80,17.8,0.8
Catoosa, GA,94.9,2.9,1
Charlton, GA,68.7,28.9,0.4
Chatham, GA,55.5,40.4,2.2
Chattahoochee, GA,67.5,25.4,2.4
Chattooga, GA,87.3,10.8,0.4
Cherokee, GA,90,6.2,2
Clarke, GA,69.6,25.6,3.2
Clay, GA,37.6,60.9,0.3
Clayton, GA,30.4,62.1,5
Clinch, GA,68,29.3,0.4
Cobb, GA,69.7,23.8,4.2
Coffee, GA,71.3,26.5,0.7
Colquitt, GA,75.4,22.8,0.6
Columbia, GA,78.8,15.5,3.5
Cook, GA,70.4,27.7,0.8
Coweta, GA,79.7,17.7,1.3
Crawford, GA,76.7,21.6,0.2
Crisp, GA,53.4,44.3,1.2
Dade, GA,96.5,1.6,0.4
Dawson, GA,96.3,2,0.5
Decatur, GA,57.9,40.2,0.4
DeKalb, GA,40.2,53.7,4.2
Dodge, GA,68.5,30.5,0.3
Dooly, GA,48.4,49.5,0.7
Dougherty, GA,32.4,65.3,1.1
Douglas, GA,60.4,36,1.6
Early, GA,48.5,50,0.2
Echols, GA,90.8,7.3,0.2
Effingham, GA,82.8,14.9,0.8
Elbert, GA,69.4,29.4,0.3
Emanuel, GA,66.3,32.3,0.4
Evans, GA,67.9,30.4,0.4
Fannin, GA,97.1,1.1,0.3
Fayette, GA,74.2,20.2,3.9
Floyd, GA,83.2,13.6,1.6
Forsyth, GA,89.3,4.2,5.1
Franklin, GA,89.3,8.8,0.5
Fulton, GA,50.6,43.1,4.4
Gilmer, GA,96.6,0.9,0.2
Glascock, GA,86.5,12.5,0
Glynn, GA,71.9,25.7,0.9
Gordon, GA,93.3,3.8,0.9
Grady, GA,69.5,28.3,0.4
Greene, GA,60.2,38.4,0.4
Gwinnett, GA,65.8,22.1,9.6
Habersham, GA,91,5.1,2.2
Hall, GA,89.7,6.8,1.9
Hancock, GA,23.7,75.6,0.1
Haralson, GA,92.4,6,0.4
Harris, GA,78.9,19,0.8
Hart, GA,78.9,19.4,0.7
Heard, GA,87.7,11,0.1
Henry, GA,61.3,34,2.9
Houston, GA,67.3,28.4,2.1
Irwin, GA,72.3,26.3,0.7
Jackson, GA,89.4,7.7,1.8
Jasper, GA,76.8,22.1,0.2
Jeff Davis, GA,83.1,15.1,1
Jefferson, GA,44,55,0.3
Jenkins, GA,57.2,41.3,0.3
Johnson, GA,60.3,39.1,0.1
Jones, GA,74.9,23.4,0.7
Lamar, GA,70.1,28.3,0.4
Lanier, GA,72.6,25,0.5
Laurens, GA,63.1,34.9,1
Lee, GA,77.9,19.4,1.5
Liberty, GA,52.4,41,1.9
Lincoln, GA,65.3,33.3,0.2
Long, GA,71.7,24.4,1
Lowndes, GA,62.1,34.8,1.2
Lumpkin, GA,95,2.3,0.5
McDuffie, GA,60.6,37.7,0.4
McIntosh, GA,65.5,32.5,0.4
Macon, GA,39.2,58.5,0.9
Madison, GA,89,9.1,0.7
Marion, GA,64.6,32.5,0.4
Meriwether, GA,58.6,39.8,0.3
Miller, GA,69.1,30,0.1
Mitchell, GA,51.6,46.8,0.4
Monroe, GA,73,25.3,0.5
Montgomery, GA,73.7,25.1,0.4
Morgan, GA,73.9,24.5,0.6
Murray, GA,96.7,1.7,0.3
Muscogee, GA,48.6,46.8,2
Newton, GA,60.5,36.9,1.2
Oconee, GA,89.7,7.1,2.2
Oglethorpe, GA,79.8,18.7,0.2
Paulding, GA,81.3,16.1,1
Peach, GA,53.2,45.1,0.5
Pickens, GA,96.2,2.4,0.3
Pierce, GA,88.1,10.4,0.2
Pike, GA,85.5,13.3,0.3
Polk, GA,85.1,12.9,0.8
Pulaski, GA,65.7,32.2,0.5
Putnam, GA,71.7,26.5,0.7
Quitman, GA,53.7,45.5,0
Rabun, GA,96.4,1.9,0.4
Randolph, GA,38.6,60.1,0.2
Richmond, GA,43.2,52.8,1.6
Rockdale, GA,54.9,41.2,2.2
Schley, GA,69.8,28.7,0.1
Screven, GA,55.3,43.3,0.6
Seminole, GA,65.1,34,0.2
Spalding, GA,65.2,32.5,1
Stephens, GA,85.8,11.6,0.7
Stewart, GA,40.8,57.7,0.2
Sumter, GA,48.3,49.9,0.8
Talbot, GA,42.5,55.8,0.3
Taliaferro, GA,40.8,58.2,0.2
Tattnall, GA,68.4,30.2,0.3
Taylor, GA,59.1,39.8,0.3
Telfair, GA,57.6,41.4,0.3
Terrell, GA,37.6,60.6,0.7
Thomas, GA,61.4,36.8,0.5
Tift, GA,70.4,27.2,1.6
Toombs, GA,74.3,24,0.7
Towns, GA,98,1.1,0.4
Treutlen, GA,66.4,32.4,0.5
Troup, GA,64.3,33.5,0.9
Turner, GA,58.4,40.5,0.4
Twiggs, GA,58,40.7,0.2
Union, GA,97.2,1.7,0.2
Upson, GA,70.5,27.8,0.7
Walker, GA,93.7,4.5,0.5
Walton, GA,81.6,16,1.2
Ware, GA,70.3,28,0.6
Warren, GA,42.8,56.1,0.3
Washington, GA,46.1,52.7,0.3
Wayne, GA,77.9,20.2,0.6
Webster, GA,56.3,43,0
Wheeler, GA,62.3,35.2,0.5
White, GA,95,2.9,0.6
Whitfield, GA,93.4,3.4,1.5
Wilcox, GA,62.1,37.1,0.2
Wilkes, GA,57.6,40.9,0.3
Wilkinson, GA,59,39.5,0.2
Worth, GA,69.1,29.4,0.3
HAWAII,,30.2,3.2,38.8
Hawaii, HI,38.3,1,23.5
Honolulu, HI,26.6,4.2,43.9
Kalawao, HI,33.7,0,18.1
Kauai, HI,36.1,0.7,32
Maui, HI,40,0.9,28.7
IDAHO,,94.4,1,1.2
Ada, ID,93.1,1.6,2.1
Adams, ID,96.2,0.1,0.7
Bannock, ID,92.5,0.9,1.3
Bear Lake, ID,98.3,0.2,0.1
Benewah, ID,87.6,0.2,0.2
Bingham, ID,90,0.7,0.8
Blaine, ID,96.3,0.4,1.3
Boise, ID,96.2,0.1,0.3
Bonner, ID,96.4,0.3,0.4
Bonneville, ID,96.1,0.9,0.8
Boundary, ID,95.6,0.3,0.7
Butte, ID,96.7,0.3,0.3
Camas, ID,96,1.2,0.2
Canyon, ID,94.1,1.5,1.1
Caribou, ID,98.4,0.1,0.1
Cassia, ID,96.2,0.5,0.4
Clark, ID,97.8,0.1,0.2
Clearwater, ID,94.3,0.2,0.6
Custer, ID,98.2,0,0
Elmore, ID,89.8,4.2,1.8
Franklin, ID,98.3,0.1,0.1
Fremont, ID,97.3,0.2,0.4
Gem, ID,96.6,0.2,0.6
Gooding, ID,96.8,0.3,0.4
Idaho, ID,94.2,0.1,0.5
Jefferson, ID,97,0.5,0.3
Jerome, ID,96.8,0.6,0.3
Kootenai, ID,95.5,0.7,0.7
Latah, ID,94,0.9,2.2
Lemhi, ID,96.9,0.1,0.2
Lewis, ID,92.4,0.3,0.5
Lincoln, ID,95.7,0.7,0.4
Madison, ID,96.2,1,0.8
Minidoka, ID,95.7,0.9,0.6
Nez Perce, ID,90.7,0.6,1.1
Oneida, ID,98.6,0.1,0.2
Owyhee, ID,93.2,0.4,0.5
Payette, ID,95.9,0.3,1
Power, ID,94.6,0.2,0.4
Shoshone, ID,95.3,0.3,0.3
Teton, ID,98,0.3,0.6
Twin Falls, ID,96.3,0.6,0.9
Valley, ID,97.3,0.4,0.3
Washington, ID,96.2,0.1,1.1
ILLINOIS,,79,14.9,4.4
Adams, IL,94.6,3.5,0.5
Alexander, IL,64.5,33.3,0.5
Bond, IL,91,7.3,0.3
Boone, IL,94.5,2.6,1.4
Brown, IL,79.7,19.4,0.2
Bureau, IL,97.4,0.8,0.7
Calhoun, IL,98.9,0.1,0.2
Carroll, IL,97.1,1,0.5
Cass, IL,97,1.7,0.3
Champaign, IL,78,12,7.7
Christian, IL,95.6,2.7,0.8
Clark, IL,98.2,0.6,0.2
Clay, IL,97.6,0.6,0.9
Clinton, IL,94.4,4.2,0.4
Coles, IL,94.3,3.3,1
Cook, IL,66.7,25.5,5.9
Crawford, IL,93.4,5.1,0.4
Cumberland, IL,98.4,0.6,0.2
DeKalb, IL,89.3,6.4,2.7
De Witt, IL,97.3,1.1,0.5
Douglas, IL,97.5,0.9,0.6
DuPage, IL,83.5,4.8,10.1
Edgar, IL,96.7,2.1,0.4
Edwards, IL,98.7,0.2,0.4
Effingham, IL,98.3,0.5,0.4
Fayette, IL,95.2,3.8,0.2
Ford, IL,97.5,1,0.6
Franklin, IL,97.9,0.8,0.3
Fulton, IL,94.7,4,0.3
Gallatin, IL,97.9,0.5,0.1
Greene, IL,98.1,0.6,0.1
Grundy, IL,96,2.2,0.8
Hamilton, IL,97.8,1.1,0.2
Hancock, IL,98.1,0.7,0.3
Hardin, IL,95.6,2.9,0.5
Henderson, IL,98.3,0.4,0.1
Henry, IL,96.8,1.6,0.4
Iroquois, IL,97,1.3,0.5
Jackson, IL,80.5,13.6,3.5
Jasper, IL,98.9,0.4,0.2
Jefferson, IL,89,8.8,0.6
Jersey, IL,97.5,1.2,0.3
Jo Daviess, IL,98.1,0.7,0.2
Johnson, IL,82.9,15.9,0.1
Kane, IL,89.3,5.7,3.3
Kankakee, IL,82.5,15,0.9
Kendall, IL,89.6,6.2,2.8
Knox, IL,89.9,7.3,0.9
Lake, IL,85,7.1,6
LaSalle, IL,96.2,1.8,0.8
Lawrence, IL,89.9,9,0.2
Lee, IL,93.6,4.4,0.9
Livingston, IL,93.1,5.3,0.4
Logan, IL,90.9,7.3,0.8
McDonough, IL,90.7,5,3
McHenry, IL,94.8,1.3,2.7
McLean, IL,87.8,7.4,3.1
Macon, IL,81.9,15,1
Macoupin, IL,97.5,1.1,0.3
Madison, IL,89.3,8.4,0.7
Marion, IL,93.6,3.9,0.7
Marshall, IL,97.6,1.1,0.3
Mason, IL,98.1,0.5,0.3
Massac, IL,91.8,6.2,0.3
Menard, IL,98,1.1,0.2
Mercer, IL,98,0.8,0.3
Monroe, IL,98,0.9,0.4
Montgomery, IL,94.6,4.2,0.3
Morgan, IL,92.1,5.7,0.7
Moultrie, IL,98,0.8,0.3
Ogle, IL,97.1,1.3,0.5
Peoria, IL,77.7,17.4,2.7
Perry, IL,89.6,8.7,0.3
Piatt, IL,97.7,1,0.4
Pike, IL,97.2,1.6,0.3
Pope, IL,92.6,4.5,0.3
Pulaski, IL,67,30.3,1.1
Putnam, IL,97.9,0.8,0.3
Randolph, IL,89.1,9.4,0.3
Richland, IL,97.6,0.7,0.6
Rock Island, IL,87.7,8.2,2
St. Clair, IL,67.3,29.6,1.2
Saline, IL,93.5,4.7,0.3
Sangamon, IL,85.7,11.1,1.4
Schuyler, IL,97.6,1.4,0.2
Scott, IL,99.2,0.2,0.1
Shelby, IL,98.3,0.7,0.3
Stark, IL,98.4,0.3,0.2
Stephenson, IL,88.6,8.3,0.8
Tazewell, IL,96.8,1.4,0.7
Union, IL,96.8,1.4,0.4
Vermilion, IL,85.5,12.1,0.7
Wabash, IL,97.4,0.7,0.6
Warren, IL,95.5,2.3,0.6
Washington, IL,97.7,1,0.2
Wayne, IL,97.8,0.8,0.5
White, IL,97.6,0.8,0.2
Whiteside, IL,96.5,1.6,0.5
Will, IL,83,11.2,4
Williamson, IL,94.3,3.5,0.7
Winnebago, IL,84.2,11.6,2.1
Woodford, IL,97.6,1.1,0.5
INDIANA,,87.8,9.2,1.5
Adams, IN,98.5,0.4,0.2
Allen, IN,83.7,11.9,2.1
Bartholomew, IN,93.2,2.2,3.5
Benton, IN,97.1,1,0.1
Blackford, IN,97.8,0.6,0.2
Boone, IN,95.9,1.6,1.5
Brown, IN,97.7,0.9,0.2
Carroll, IN,98.7,0.5,0.1
Cass, IN,95.8,1.7,0.9
Clark, IN,90,7.4,0.9
Clay, IN,97.6,0.9,0.4
Clinton, IN,98.2,0.8,0.3
Crawford, IN,98.3,0.5,0.2
Daviess, IN,98,0.7,0.4
Dearborn, IN,97.6,1,0.4
Decatur, IN,97,0.5,1.8
DeKalb, IN,97.9,0.6,0.5
Delaware, IN,90.1,7.2,1
Dubois, IN,98.4,0.3,0.4
Elkhart, IN,91.1,5.5,1.4
Fayette, IN,96.8,1.8,0.3
Floyd, IN,92.1,5.5,0.8
Fountain, IN,98.1,0.6,0.4
Franklin, IN,98.3,0.4,0.4
Fulton, IN,97,1,0.5
Gibson, IN,96,2.2,0.6
Grant, IN,89.9,7.1,0.8
Greene, IN,98.1,0.4,0.3
Hamilton, IN,90.4,4,4.2
Hancock, IN,95.5,2.8,0.8
Harrison, IN,97.8,0.9,0.3
Hendricks, IN,92.3,4.7,1.8
Henry, IN,97.6,1.3,0.2
Howard, IN,89.9,6.7,1.3
Huntington, IN,97.8,0.5,0.6
Jackson, IN,97.1,0.7,1.1
Jasper, IN,98,0.9,0.3
Jay, IN,97.8,0.5,0.7
Jefferson, IN,96,1.8,0.7
Jennings, IN,97.4,1,0.4
Johnson, IN,95.5,1.7,1.8
Knox, IN,95.7,2.1,1
Kosciusko, IN,97.2,0.8,0.8
LaGrange, IN,98.3,0.3,0.5
Lake, IN,70.7,26.2,1.3
LaPorte, IN,87,10.6,0.5
Lawrence, IN,97.6,0.6,0.5
Madison, IN,89.6,8.4,0.5
Marion, IN,70.2,25.9,1.7
Marshall, IN,97.5,0.7,0.5
Martin, IN,98.4,0.6,0.2
Miami, IN,91.8,4.9,0.4
Monroe, IN,90.1,3.5,4.5
Montgomery, IN,97.3,1.1,0.5
Morgan, IN,97.7,0.8,0.6
Newton, IN,97.4,0.7,0.4
Noble, IN,97.8,0.6,0.5
Ohio, IN,98.1,1.1,0.1
Orange, IN,97.4,1,0.2
Owen, IN,97.8,0.6,0.3
Parke, IN,94.7,3.8,0.2
Perry, IN,96.3,2.7,0.2
Pike, IN,98.6,0.5,0.2
Porter, IN,94.1,3.3,1.2
Posey, IN,97.5,1.2,0.3
Pulaski, IN,97.4,1.4,0.2
Putnam, IN,94.1,3.6,0.9
Randolph, IN,97.9,0.6,0.3
Ripley, IN,98.2,0.4,0.5
Rush, IN,97.3,0.9,0.7
St. Joseph, IN,83.6,12.3,1.8
Scott, IN,98.5,0.5,0.2
Shelby, IN,96.7,1.1,1.1
Spencer, IN,97.8,1.1,0.2
Starke, IN,97.7,0.6,0.4
Steuben, IN,97.7,0.6,0.5
Sullivan, IN,93.8,4.8,0.2
Switzerland, IN,98.6,0.6,0.1
Tippecanoe, IN,89.3,3.8,5.3
Tipton, IN,98.1,0.5,0.4
Union, IN,98.1,0.7,0.2
Vanderburgh, IN,88.6,8.6,1.1
Vermillion, IN,97.7,1,0.1
Vigo, IN,89.4,7,1.6
Wabash, IN,97.3,0.6,0.5
Warren, IN,98.6,0.4,0.2
Warrick, IN,96.1,1.7,1.3
Washington, IN,98.4,0.5,0.3
Wayne, IN,92.3,5.1,0.6
Wells, IN,98.3,0.4,0.3
White, IN,97.7,0.5,0.3
Whitley, IN,97.9,0.5,0.5
IOWA,,93.9,2.8,1.7
Adair, IA,98.6,0.2,0.6
Adams, IA,98.8,0.1,0.2
Allamakee, IA,98.3,0.3,0.3
Appanoose, IA,97.8,0.6,0.5
Audubon, IA,98.7,0.2,0.4
Benton, IA,98.4,0.5,0.2
Black Hawk, IA,88.5,8.4,1.3
Boone, IA,98.1,0.7,0.4
Bremer, IA,97.9,0.7,0.6
Buchanan, IA,98.1,0.4,0.6
Buena Vista, IA,91.8,2.3,4.6
Butler, IA,98.8,0.1,0.2
Calhoun, IA,97.8,1.1,0.2
Carroll, IA,98.6,0.3,0.5
Cass, IA,98.6,0.3,0.3
Cedar, IA,98.2,0.5,0.4
Cerro Gordo, IA,96.6,1.2,0.9
Cherokee, IA,98.1,0.5,0.5
Chickasaw, IA,98.4,0.1,0.6
Clarke, IA,98.1,0.2,0.5
Clay, IA,97.8,0.3,1.1
Clayton, IA,98.7,0.3,0.2
Clinton, IA,94.7,2.8,0.9
Crawford, IA,96.7,1.2,0.5
Dallas, IA,95.7,1.3,1.9
Davis, IA,98.4,0.2,0.2
Decatur, IA,96,1.2,1
Delaware, IA,99.1,0.1,0.2
Des Moines, IA,92.9,4.4,0.9
Dickinson, IA,98.7,0.2,0.3
Dubuque, IA,96.2,1.8,0.8
Emmet, IA,97.8,0.4,0.5
Fayette, IA,97.6,0.9,0.6
Floyd, IA,97,1,1
Franklin, IA,97.7,0.3,1.3
Fremont, IA,98.2,0.4,0.3
Greene, IA,98.6,0.2,0.3
Grundy, IA,98.8,0.2,0.3
Guthrie, IA,98.6,0.3,0.2
Hamilton, IA,96.3,0.4,2.1
Hancock, IA,98.5,0.2,0.6
Hardin, IA,97.8,0.9,0.5
Harrison, IA,98.5,0.1,0.3
Henry, IA,94,2,2.5
Howard, IA,99,0.2,0.2
Humboldt, IA,98.1,0.8,0.3
Ida, IA,98.7,0.1,0.3
Iowa, IA,98.7,0.3,0.4
Jackson, IA,98.6,0.3,0.1
Jasper, IA,97.1,1.1,0.7
Jefferson, IA,95.5,1,2.4
Johnson, IA,89.5,4.2,4.6
Jones, IA,96.5,2.2,0.2
Keokuk, IA,98.9,0.2,0.3
Kossuth, IA,98.7,0.2,0.4
Lee, IA,94.2,3.2,0.8
Linn, IA,91.9,3.8,2.1
Louisa, IA,97.9,0.9,0.2
Lucas, IA,98.9,0.2,0.3
Lyon, IA,98.9,0.2,0.2
Madison, IA,98.3,0.3,0.2
Mahaska, IA,96.2,1.1,1.4
Marion, IA,97.2,0.6,1.2
Marshall, IA,95.5,1.6,1.2
Mills, IA,98,0.4,0.3
Mitchell, IA,99.3,0.2,0.2
Monona, IA,97.8,0.2,0.2
Monroe, IA,98.1,0.2,0.5
Montgomery, IA,98.1,0.4,0.4
Muscatine, IA,96.3,1.4,1
O'Brien, IA,97.7,0.8,0.7
Osceola, IA,98.5,0.3,0.2
Page, IA,95.5,2.1,0.9
Palo Alto, IA,98.5,0.2,0.4
Plymouth, IA,98.1,0.5,0.4
Pocahontas, IA,98.4,0.3,0.3
Polk, IA,89.1,5.6,3.1
Pottawattamie, IA,96.5,1.2,0.7
Poweshiek, IA,96.4,0.8,1.4
Ringgold, IA,99,0.1,0.2
Sac, IA,98.3,0.4,0.4
Scott, IA,88.1,7.2,2.4
Shelby, IA,98.6,0.1,0.4
Sioux, IA,98,0.3,0.8
Story, IA,90.8,2.4,5.5
Tama, IA,90.4,0.7,0.2
Taylor, IA,98.9,0,0.4
Union, IA,97.7,0.9,0.5
Van Buren, IA,98.4,0.1,0.5
Wapello, IA,96.5,1.3,0.9
Warren, IA,98,0.5,0.5
Washington, IA,97.9,0.8,0.3
Wayne, IA,98.6,0.1,0.2
Webster, IA,93.1,4.1,0.9
Winnebago, IA,97.8,0.3,0.8
Winneshiek, IA,97.9,0.6,0.9
Woodbury, IA,90.3,2.9,2.5
Worth, IA,98.4,0.4,0.2
Wright, IA,98.3,0.3,0.3
KANSAS,,88.5,6.2,2.3
Allen, KS,94.6,2.1,0.4
Anderson, KS,96.9,0.7,0.3
Atchison, KS,90.9,6,0.4
Barber, KS,97.5,0.5,0.1
Barton, KS,96.1,1.7,0.3
Bourbon, KS,93.6,3.4,0.4
Brown, KS,86.3,1.8,0.5
Butler, KS,94.6,2,0.6
Chase, KS,96.4,1.5,0.2
Chautauqua, KS,92.6,0.4,0.1
Cherokee, KS,91.6,0.9,0.4
Cheyenne, KS,98.7,0.1,0.4
Clark, KS,96.7,0.3,0.6
Clay, KS,96.9,1,0.2
Cloud, KS,97.5,0.6,0.6
Coffey, KS,96,0.6,1
Comanche, KS,98.5,0.1,0.3
Cowley, KS,91,2.8,1.7
Crawford, KS,92.9,2.2,1.9
Decatur, KS,97.9,0.8,0.2
Dickinson, KS,95.8,1.7,0.3
Doniphan, KS,93.7,3,0.4
Douglas, KS,87,4.5,3.6
Edwards, KS,98,0.4,0.4
Elk, KS,95.2,0.2,0.2
Ellis, KS,96.6,1,1
Ellsworth, KS,94,4,0.3
Finney, KS,92.6,2.1,2.8
Ford, KS,93.3,2.4,2
Franklin, KS,95.2,1.5,0.5
Geary, KS,73,18.4,3.2
Gove, KS,98.2,0.1,0.1
Graham, KS,94,4,0.3
Grant, KS,96.5,0.6,0.8
Gray, KS,96.5,0.3,0.1
Greeley, KS,97.7,0.2,0.6
Greenwood, KS,96.5,0.3,0.2
Hamilton, KS,97,0.7,0.6
Harper, KS,96.9,0.3,0.3
Harvey, KS,94.7,2,0.7
Haskell, KS,96.8,0.2,0.9
Hodgeman, KS,97.6,1,0.1
Jackson, KS,89.7,1.2,0.3
Jefferson, KS,96.2,0.9,0.2
Jewell, KS,98.6,0,0.1
Johnson, KS,89.5,4.5,4
Kearny, KS,96.4,0.9,0.4
Kingman, KS,97,0.3,0.3
Kiowa, KS,97.2,0.4,0.4
Labette, KS,89.2,5.3,0.5
Lane, KS,97.5,0.1,0.2
Leavenworth, KS,86.1,9.6,1.4
Lincoln, KS,98.1,0.2,0.2
Linn, KS,97.1,1,0.1
Logan, KS,96.5,1.1,0.2
Lyon, KS,93.8,1.9,1.7
McPherson, KS,96.6,1.2,0.4
Marion, KS,97.1,0.7,0.2
Marshall, KS,97.5,0.3,0.6
Meade, KS,97.3,0.5,0.3
Miami, KS,95.9,1.8,0.3
Mitchell, KS,97.2,0.8,0.5
Montgomery, KS,86.2,6.2,0.7
Morris, KS,97.5,0.5,0.4
Morton, KS,94.5,0.4,1.8
Nemaha, KS,97.8,0.7,0.1
Neosho, KS,95.1,1.2,0.5
Ness, KS,98.3,0.1,0.2
Norton, KS,93.9,4.1,0.8
Osage, KS,96.7,0.8,0.2
Osborne, KS,98.4,0.1,0.3
Ottawa, KS,97.1,1.2,0.2
Pawnee, KS,90.4,6.2,0.7
Phillips, KS,97.9,0.4,0.5
Pottawatomie, KS,96,1.4,0.5
Pratt, KS,96.4,1.2,0.6
Rawlins, KS,98.1,0.4,0.1
Reno, KS,94,3,0.7
Republic, KS,98.5,0.4,0.2
Rice, KS,95.6,1.6,0.6
Riley, KS,86.6,7.3,3.2
Rooks, KS,97,1.3,0.2
Rush, KS,98.2,0.3,0.2
Russell, KS,96.8,1,0.4
Saline, KS,91.9,3.4,2
Scott, KS,98.2,0.2,0.1
Sedgwick, KS,82.9,9.6,4
Seward, KS,90.2,3.8,3.4
Shawnee, KS,85.3,9.2,1.4
Sheridan, KS,98.8,0.2,0.1
Sherman, KS,97.4,0.7,0.3
Smith, KS,98.7,0.2,0.1
Stafford, KS,97.8,0.2,0.2
Stanton, KS,96.2,1.1,0.3
Stevens, KS,95.8,1.2,0.3
Sumner, KS,95.5,1.1,0.3
Thomas, KS,97.2,0.8,0.4
Trego, KS,97.1,0.4,0.5
Wabaunsee, KS,97.4,0.7,0.1
Wallace, KS,96.8,0.8,0.2
Washington, KS,98.7,0.2,0.1
Wichita, KS,97.5,0.2,0.1
Wilson, KS,96,0.9,0.3
Woodson, KS,96.7,1,0.1
Wyandotte, KS,69.1,26.2,2
KENTUCKY,,89.6,7.9,1.1
Adair, KY,95.1,3.4,0.4
Allen, KY,97.6,1.4,0.1
Anderson, KY,96.1,2.4,0.5
Ballard, KY,94.1,3.9,0.3
Barren, KY,94.1,4.2,0.6
Bath, KY,96.9,1.9,0
Bell, KY,95.6,2.6,0.5
Boone, KY,93.4,2.9,2.4
Bourbon, KY,91.9,6.5,0.3
Boyd, KY,95.1,3.2,0.4
Boyle, KY,87.8,9.2,1.3
Bracken, KY,98,1.1,0.1
Breathitt, KY,98.3,0.5,0.4
Breckinridge, KY,95.6,3,0.1
Bullitt, KY,97.2,1.3,0.3
Butler, KY,97.6,1.2,0.2
Caldwell, KY,93.7,5.2,0.2
Calloway, KY,92.4,4.2,2.1
Campbell, KY,95.7,2.4,0.7
Carlisle, KY,96.9,1.7,0.1
Carroll, KY,95.7,2.4,0.2
Carter, KY,98.5,0.5,0.2
Casey, KY,98.2,0.7,0.1
Christian, KY,74.1,22.7,0.9
Clark, KY,93.5,5,0.5
Clay, KY,93.5,5.2,0.1
Clinton, KY,98.5,0.4,0.1
Crittenden, KY,97.9,0.9,0.1
Cumberland, KY,94.9,3.6,0
Daviess, KY,92.9,5,0.7
Edmonson, KY,97.1,1.7,0.2
Elliott, KY,95.2,4,0
Estill, KY,98.6,0.4,0.1
Fayette, KY,81.1,13.8,3.1
Fleming, KY,97.2,1.6,0.2
Floyd, KY,97.2,1.7,0.3
Franklin, KY,87,10.3,1
Fulton, KY,72.3,25.9,0.4
Gallatin, KY,96.1,1.9,0.4
Garrard, KY,96.3,2.9,0
Grant, KY,97.6,0.8,0.6
Graves, KY,93.5,4.6,0.4
Grayson, KY,98.1,0.7,0.2
Green, KY,96.2,2.6,0.2
Greenup, KY,97.8,0.8,0.4
Hancock, KY,97.4,1.4,0.2
Hardin, KY,83.5,11.5,2.3
Harlan, KY,94.9,2.8,0.5
Harrison, KY,96.1,2.4,0.2
Hart, KY,93.5,5.3,0.1
Henderson, KY,90.7,7.5,0.6
Henry, KY,94.6,3.5,0.6
Hickman, KY,87.4,10.7,0.1
Hopkins, KY,91.6,6.5,0.5
Jackson, KY,99,0.2,0
Jefferson, KY,75.8,20.4,2
Jessamine, KY,93.6,3.8,1
Johnson, KY,98,0.6,0.4
Kenton, KY,92.3,5,1
Knott, KY,98.1,0.9,0.2
Knox, KY,97.4,1.2,0.2
Larue, KY,94.6,3.6,0.1
Laurel, KY,97.1,0.9,0.6
Lawrence, KY,98.5,0.4,0.1
Lee, KY,94.5,4.2,0.1
Leslie, KY,99,0.1,0.1
Letcher, KY,98.3,0.6,0.4
Lewis, KY,98.6,0.5,0
Lincoln, KY,96.2,2.7,0.1
Livingston, KY,98.1,0.6,0
Logan, KY,90.9,7.4,0.3
Lyon, KY,91.1,7.3,0.6
McCracken, KY,86.7,11,0.7
McCreary, KY,96.3,2.2,0.2
McLean, KY,98.5,0.6,0
Madison, KY,93.2,4.3,0.9
Magoffin, KY,99.1,0.3,0.1
Marion, KY,88.8,9.4,0.7
Marshall, KY,97.9,0.8,0.3
Martin, KY,94.4,4.7,0.1
Mason, KY,91.1,6.8,0.7
Meade, KY,93.5,4,0.7
Menifee, KY,97.3,1.7,0
Mercer, KY,93.5,4,1.2
Metcalfe, KY,96.8,2,0.1
Monroe, KY,95.9,2.8,0.3
Montgomery, KY,95.5,3.2,0.2
Morgan, KY,94.1,4.8,0.2
Muhlenberg, KY,94,4.8,0.2
Nelson, KY,92.7,5.5,0.8
Nicholas, KY,98.3,0.9,0.1
Ohio, KY,97.7,1.1,0.2
Oldham, KY,92.4,5.3,1
Owen, KY,97.1,1.3,0.4
Owsley, KY,99.2,0.1,0
Pendleton, KY,98,1.1,0.1
Perry, KY,96.5,1.8,0.9
Pike, KY,98.1,0.7,0.5
Powell, KY,97.9,1,0.1
Pulaski, KY,97,1.3,0.7
Robertson, KY,98.7,0.3,0
Rockcastle, KY,98.4,0.4,0.2
Rowan, KY,95.4,2,1.1
Russell, KY,98.1,0.9,0.2
Scott, KY,92.7,5.3,0.8
Shelby, KY,89.3,8.4,0.6
Simpson, KY,87.7,9.7,1.3
Spencer, KY,96.7,2.1,0.1
Taylor, KY,93.7,5.1,0.2
Todd, KY,90.1,8.8,0.2
Trigg, KY,89.6,8.6,0.4
Trimble, KY,97.7,0.9,0.3
Union, KY,83.6,14.1,0.6
Warren, KY,88.1,8.8,1.4
Washington, KY,91.1,7.3,0.4
Wayne, KY,97.2,1.5,0.1
Webster, KY,93.9,4.7,0.1
Whitley, KY,97.8,0.7,0.4
Wolfe, KY,98.9,0.4,0
Woodford, KY,92.4,5.5,0.7
LOUISIANA,,64.6,32.1,1.5
Acadia, LA,79.9,18.8,0.2
Allen, LA,71.9,24.2,0.7
Ascension, LA,76.7,21.4,0.9
Assumption, LA,67.8,31.1,0.2
Avoyelles, LA,66.9,30.9,0.2
Beauregard, LA,83.3,13.7,0.8
Bienville, LA,57,41.8,0.2
Bossier, LA,75.1,20.8,1.6
Caddo, LA,50.7,46.8,0.9
Calcasieu, LA,73.1,24.5,0.8
Caldwell, LA,80.6,18,0.2
Cameron, LA,93.8,3.9,0.7
Catahoula, LA,71,27.9,0.1
Claiborne, LA,50.9,48.1,0.1
Concordia, LA,59.3,39.3,0.3
De Soto, LA,59.8,38.6,0.1
East Baton Rouge, LA,51.9,44.4,2.4
East Carroll, LA,31.4,67.6,0.4
East Feliciana, LA,55.1,43.7,0.3
Evangeline, LA,69.3,29.4,0.3
Franklin, LA,68.2,30.5,0.2
Grant, LA,86.2,11.3,0.2
Iberia, LA,64.2,31.9,2.3
Iberville, LA,49.6,49.3,0.3
Jackson, LA,72,26.9,0.2
Jefferson, LA,67.5,26.9,3.7
Jefferson Davis, LA,80.8,17.2,0.3
Lafayette, LA,71.9,25.4,1.3
Lafourche, LA,81.7,13.8,0.8
La Salle, LA,85,13.1,0.2
Lincoln, LA,57.2,40.6,1.1
Livingston, LA,92.2,6.1,0.5
Madison, LA,37.3,60.9,0.2
Morehouse, LA,54.5,44.5,0.3
Natchitoches, LA,57.3,39.6,0.7
Orleans, LA,33.3,62.3,2.9
Ouachita, LA,62.9,35.3,0.8
Plaquemines, LA,71.7,21.2,3
Pointe Coupee, LA,61.8,37,0.3
Rapides, LA,66,31.1,1
Red River, LA,56.9,41.8,0.1
Richland, LA,62.3,36.6,0.2
Sabine, LA,72.1,16.8,0.2
St. Bernard, LA,79.3,15.7,2.1
St. Charles, LA,70.6,27,1.1
St. Helena, LA,47.7,51.3,0.2
St. James, LA,50.3,48.9,0.1
St. John the Baptist, LA,47.8,50.3,0.7
St. Landry, LA,56.8,42,0.3
St. Martin, LA,67.3,30.6,1
St. Mary, LA,63.3,32,1.6
St. Tammany, LA,85,11.8,1.3
Tangipahoa, LA,69.6,28.9,0.5
Tensas, LA,42.6,56.2,0.2
Terrebonne, LA,73.6,18.3,1
Union, LA,71.9,27,0.3
Vermilion, LA,81.6,14.6,2.5
Vernon, LA,79.1,13,2.1
Washington, LA,67.8,31,0.2
Webster, LA,65.3,33,0.3
West Baton Rouge, LA,63.2,35.6,0.2
West Carroll, LA,80.5,18.3,0.2
West Feliciana, LA,50,49.2,0.2
Winn, LA,66.8,31.3,0.2
MAINE,,96.1,1.2,1
Androscoggin, ME,95.3,2.2,0.7
Aroostook, ME,96.1,0.7,0.7
Cumberland, ME,94,2.5,1.8
Franklin, ME,97.6,0.4,0.6
Hancock, ME,97.1,0.4,0.8
Kennebec, ME,97,0.6,0.8
Knox, ME,97.9,0.4,0.5
Lincoln, ME,98.1,0.3,0.5
Oxford, ME,97.7,0.4,0.5
Penobscot, ME,96.1,0.8,1
Piscataquis, ME,97.8,0.3,0.3
Sagadahoc, ME,96.2,1.2,0.8
Somerset, ME,97.5,0.5,0.4
Waldo, ME,97.5,0.4,0.3
Washington, ME,93.1,0.6,0.5
York, ME,97.2,0.7,0.9
MARYLAND,,63,29.7,5.2
Allegany, MD,91.4,6.7,0.6
Anne Arundel, MD,78.8,15.7,3.2
Baltimore, MD,68.1,25.7,4.3
Calvert, MD,81.9,14.7,1.3
Caroline, MD,82.9,14.2,0.8
Carroll, MD,92.9,4.1,1.7
Cecil, MD,91.3,6.1,1.1
Charles, MD,54.1,40.1,2.6
Dorchester, MD,70.1,27.8,1
Frederick, MD,84.9,9.2,3.7
Garrett, MD,98.3,0.9,0.3
Harford, MD,83.2,12.6,2.2
Howard, MD,67.2,17.8,12.4
Kent, MD,82,16,0.7
Montgomery, MD,66,17.5,13.9
Prince George's, MD,28,65.6,4
Queen Anne's, MD,89.2,8.3,1.1
St. Mary's, MD,80.3,15,2.4
Somerset, MD,56,41.3,0.9
Talbot, MD,84,13.6,0.9
Washington, MD,87,9.8,1.5
Wicomico, MD,72.5,24,1.9
Worcester, MD,83,14.8,0.9
Baltimore city, MD,33.1,63.2,2
MASSACHUSETTS,,85.9,7.1,5.1
Barnstable, MA,94.8,2.3,1
Berkshire, MA,94.2,2.7,1.4
Bristol, MA,92.5,3.8,1.9
Dukes, MA,92.5,2.8,0.8
Essex, MA,89.1,5.4,3.2
Franklin, MA,95.3,1.3,1.4
Hampden, MA,86.7,9.3,1.8
Hampshire, MA,91.7,2.6,3.7
Middlesex, MA,85,4.4,8.8
Nantucket, MA,87.9,9.8,1.3
Norfolk, MA,84.9,5.4,8.2
Plymouth, MA,88.7,8.3,1.3
Suffolk, MA,67,23.2,7.4
Worcester, MA,90.6,3.9,3.8
MICHIGAN,,81.2,14.2,2.4
Alcona, MI,97.3,0.7,0.3
Alger, MI,88.3,4.7,0.6
Allegan, MI,96.1,1.4,0.9
Alpena, MI,97.4,0.7,0.5
Antrim, MI,96.6,0.6,0.2
Arenac, MI,94.8,2.1,0.3
Baraga, MI,75.5,7.7,0.3
Barry, MI,97.4,0.6,0.4
Bay, MI,95.8,1.5,0.6
Benzie, MI,96,0.8,0.1
Berrien, MI,81.5,14.8,1.7
Branch, MI,93.9,3.3,1.1
Calhoun, MI,84.9,10.4,1.6
Cass, MI,91,5.2,0.7
Charlevoix, MI,95.9,0.6,0.3
Cheboygan, MI,94.4,0.5,0.2
Chippewa, MI,75.7,6.9,0.7
Clare, MI,97,0.7,0.3
Clinton, MI,95.5,2.1,0.8
Crawford, MI,94.8,2.8,0.4
Delta, MI,95.3,0.3,0.3
Dickinson, MI,97.4,0.3,0.6
Eaton, MI,89.9,6.3,1.8
Emmet, MI,94,0.6,0.5
Genesee, MI,76.9,19.4,1
Gladwin, MI,97.7,0.4,0.3
Gogebic, MI,90.2,5.1,0.4
Grand Traverse, MI,96.1,1,0.6
Gratiot, MI,92.6,4.8,0.6
Hillsdale, MI,97.5,0.7,0.5
Houghton, MI,95,1.6,1.7
Huron, MI,97.7,0.3,0.6
Ingham, MI,81.3,11.1,4.4
Ionia, MI,92.7,4.7,0.4
Iosco, MI,96.4,0.7,0.6
Iron, MI,95.6,1.4,0.2
Isabella, MI,90.6,2.7,1.9
Jackson, MI,89,7.8,0.8
Kalamazoo, MI,84.9,10.1,2.3
Kalkaska, MI,96.9,0.5,0.2
Kent, MI,86.3,9.2,2.2
Keweenaw, MI,96.9,2,0.1
Lake, MI,86.4,9.6,0.2
Lapeer, MI,96.8,1.3,0.5
Leelanau, MI,94,0.5,0.3
Lenawee, MI,95.3,2.4,0.6
Livingston, MI,96.6,0.8,1
Luce, MI,80.8,8.9,0.4
Mackinac, MI,78.2,0.9,0.4
Macomb, MI,87,8.1,3
Manistee, MI,93.7,2.6,0.4
Marquette, MI,94.4,1.6,0.6
Mason, MI,96.5,0.8,0.3
Mecosta, MI,92.3,4.1,1.1
Menominee, MI,95.2,0.3,0.3
Midland, MI,95,1.4,2.1
Missaukee, MI,97.3,0.7,0.2
Monroe, MI,95.3,2.5,0.7
Montcalm, MI,94.9,2.7,0.4
Montmorency, MI,98.2,0.3,0.1
Muskegon, MI,83.1,13.5,0.6
Newaygo, MI,96.2,1.3,0.4
Oakland, MI,79.9,12.8,5.6
Oceana, MI,96.5,0.7,0.3
Ogemaw, MI,96.9,0.4,0.5
Ontonagon, MI,96.5,0.4,0.2
Osceola, MI,96.6,0.8,0.3
Oscoda, MI,97.7,0.1,0.1
Otsego, MI,96.8,0.6,0.6
Ottawa, MI,94.6,1.4,2.5
Presque Isle, MI,97.5,0.5,0.2
Roscommon, MI,97.6,0.5,0.3
Saginaw, MI,78.3,18.5,1.2
St. Clair, MI,95,2.5,0.5
St. Joseph, MI,94.9,2.4,0.6
Sanilac, MI,97.6,0.5,0.3
Schoolcraft, MI,88.8,0.4,0.4
Shiawassee, MI,97.5,0.5,0.3
Tuscola, MI,96.4,1.3,0.4
Van Buren, MI,92.2,4.5,0.4
Washtenaw, MI,77.1,12.4,7.8
Wayne, MI,55.1,40.5,2.6
Wexford, MI,96.8,0.6,0.6
MINNESOTA,,88.6,4.7,3.8
Aitkin, MN,95.8,0.4,0.2
Anoka, MN,89.5,4,3.9
Becker, MN,88.6,0.5,0.5
Beltrami, MN,75.9,0.7,0.8
Benton, MN,95,1.7,1.3
Big Stone, MN,98.3,0.2,0.5
Blue Earth, MN,93.8,2.4,2.3
Brown, MN,98.4,0.2,0.5
Carlton, MN,91,1.1,0.5
Carver, MN,94.4,1.7,2.6
Cass, MN,86.3,0.4,0.3
Chippewa, MN,96.5,0.5,0.4
Chisago, MN,96.1,1.2,1.2
Clay, MN,94.8,0.8,1.2
Clearwater, MN,88.4,0.3,0.3
Cook, MN,89.3,0.3,0.3
Cottonwood, MN,95.1,1.2,2.5
Crow Wing, MN,97.1,0.5,0.4
Dakota, MN,88.6,4.6,4.4
Dodge, MN,98,0.4,0.6
Douglas, MN,98.3,0.3,0.5
Faribault, MN,97.9,0.4,0.5
Fillmore, MN,98.7,0.4,0.2
Freeborn, MN,97.5,0.8,0.7
Goodhue, MN,96.2,1,0.7
Grant, MN,98.3,0.2,0.2
Hennepin, MN,79.8,10.9,5.8
Houston, MN,97.9,0.6,0.6
Hubbard, MN,95.9,0.3,0.3
Isanti, MN,97,0.6,0.6
Itasca, MN,93.7,0.6,0.4
Jackson, MN,97.3,0.2,1.8
Kanabec, MN,96.7,0.3,0.6
Kandiyohi, MN,96.9,1.5,0.5
Kittson, MN,98.2,0.1,0.4
Koochiching, MN,95,0.6,0.2
Lac qui Parle, MN,98.7,0.3,0.4
Lake, MN,97.7,0.1,0.2
Lake of the Woods, MN,96,0.4,0.4
Le Sueur, MN,98,0.4,0.5
Lincoln, MN,99.1,0.1,0.2
Lyon, MN,94.8,1.8,2
McLeod, MN,97.5,0.6,0.9
Mahnomen, MN,56.7,0.5,0.1
Marshall, MN,98.3,0.1,0.3
Martin, MN,97.8,0.6,0.7
Meeker, MN,98.3,0.3,0.5
Mille Lacs, MN,93,0.5,0.2
Morrison, MN,98.1,0.4,0.3
Mower, MN,95.1,1.7,2
Murray, MN,98.2,0.1,0.3
Nicollet, MN,95.4,1.8,1.6
Nobles, MN,89.5,3.2,4.7
Norman, MN,95.4,0.2,0.4
Olmsted, MN,89,4,5.4
Otter Tail, MN,97.7,0.5,0.5
Pennington, MN,95.4,0.9,0.9
Pine, MN,93.4,1.9,0.4
Pipestone, MN,95.9,0.3,0.6
Polk, MN,95.7,0.7,0.4
Pope, MN,98.6,0.3,0.2
Ramsey, MN,77.2,9.8,9.7
Red Lake, MN,96.1,0.2,0.1
Redwood, MN,91.7,0.3,2.1
Renville, MN,97.5,0.2,0.4
Rice, MN,94.6,1.9,1.8
Rock, MN,97,1,0.9
Roseau, MN,94.8,0.2,2.2
St. Louis, MN,93.9,1.3,0.9
Scott, MN,89.7,2.5,5.6
Sherburne, MN,95.7,1.6,1.2
Sibley, MN,97.9,0.3,0.5
Stearns, MN,95.2,1.7,1.8
Steele, MN,94.5,3.4,1
Stevens, MN,93.7,2.1,1.4
Swift, MN,89.1,3.7,1.9
Todd, MN,97.7,0.2,0.5
Traverse, MN,94.6,0.1,0.4
Wabasha, MN,97.9,0.5,0.8
Wadena, MN,97.5,0.7,0.2
Waseca, MN,95.8,2.1,0.8
Washington, MN,89.6,3.3,5
Watonwan, MN,96.8,0.7,1.2
Wilkin, MN,97.4,0.3,0.2
Winona, MN,95.3,1.1,2.5
Wright, MN,96.2,1.2,1.2
Yellow Medicine, MN,95.9,0.2,0.3
MISSISSIPPI,,60.5,37.2,0.9
Adams, MS,42.3,56.4,0.4
Alcorn, MS,87,11.6,0.2
Amite, MS,55.2,44,0.1
Attala, MS,57.2,41.7,0.3
Benton, MS,63.6,35.1,0.1
Bolivar, MS,33.1,65.6,0.6
Calhoun, MS,70,29,0.1
Carroll, MS,65.6,33.7,0.2
Chickasaw, MS,57.3,41.5,0.3
Choctaw, MS,67.4,31.4,0.2
Claiborne, MS,14.6,84.6,0.2
Clarke, MS,64,35.3,0.1
Clay, MS,42.1,57.1,0.2
Coahoma, MS,23.6,74.9,0.6
Copiah, MS,47.5,51.7,0.2
Covington, MS,62.4,36.7,0.1
DeSoto, MS,75.3,21.8,1.3
Forrest, MS,61.8,35.6,1.3
Franklin, MS,61.8,37.3,0.1
George, MS,89.1,9.8,0.2
Greene, MS,69.4,29.6,0.2
Grenada, MS,56.5,41.9,0.8
Hancock, MS,89.4,7.5,1
Harrison, MS,70.9,22.7,3
Hinds, MS,31.5,66.3,0.9
Holmes, MS,18,80.9,0.2
Humphreys, MS,25.2,73.9,0.4
Issaquena, MS,38.6,60.5,0
Itawamba, MS,92.1,6.9,0.3
Jackson, MS,73.9,22.2,2.1
Jasper, MS,47.2,52,0.1
Jefferson, MS,13,86.3,0.2
Jefferson Davis, MS,41.6,57.4,0.2
Jones, MS,71,27.4,0.4
Kemper, MS,37,59.8,0.2
Lafayette, MS,72.6,24.6,1.7
Lamar, MS,81.6,16.5,0.9
Lauderdale, MS,56.5,41.7,0.6
Lawrence, MS,66.9,32.1,0.5
Leake, MS,54.7,39.2,0.3
Lee, MS,71.5,26.8,0.6
Leflore, MS,26.9,71.4,0.8
Lincoln, MS,68.1,31,0.3
Lowndes, MS,54.8,43.3,0.6
Madison, MS,60.2,37.4,1.5
Marion, MS,65.6,33.1,0.3
Marshall, MS,50.8,48.1,0.2
Monroe, MS,68,31.1,0.2
Montgomery, MS,53.2,45.9,0.3
Neshoba, MS,62,21.5,0.5
Newton, MS,64.5,30,0.3
Noxubee, MS,28.6,70.4,0.2
Oktibbeha, MS,59.7,36.7,2.5
Panola, MS,51.3,47.8,0.3
Pearl River, MS,85,12.8,0.4
Perry, MS,76.6,22.2,0.1
Pike, MS,49.4,49.3,0.5
Pontotoc, MS,84.1,14.9,0.2
Prentiss, MS,84.5,14.2,0.2
Quitman, MS,29.3,69.5,0.2
Rankin, MS,78,19.9,1
Scott, MS,60.4,37.5,0.3
Sharkey, MS,29,69.8,0.4
Simpson, MS,63.9,35.1,0.2
Smith, MS,74.7,24.7,0.1
Stone, MS,79.3,19.6,0.2
Sunflower, MS,26.1,72.8,0.5
Tallahatchie, MS,38,60.6,0.6
Tate, MS,67.5,31.4,0.1
Tippah, MS,81.1,16.6,0.1
Tishomingo, MS,95.3,3.3,0.1
Tunica, MS,26.1,72.1,0.7
Union, MS,83.1,15.5,0.4
Walthall, MS,54,44.2,0.9
Warren, MS,50.7,47.4,0.9
Washington, MS,30.1,67.7,1
Wayne, MS,60.5,38.8,0.2
Webster, MS,78.4,20.7,0.2
Wilkinson, MS,29.5,69.9,0
Winston, MS,53.2,45.1,0.3
Yalobusha, MS,59.9,39.1,0.1
Yazoo, MS,43.8,54.8,0.5
MISSOURI,,84.9,11.5,1.5
Adair, MO,94.9,1.6,1.9
Andrew, MO,97.3,1.3,0.4
Atchison, MO,96.7,2.2,0.4
Audrain, MO,89.6,8.4,0.4
Barry, MO,96.2,0.4,0.9
Barton, MO,96.4,0.6,0.3
Bates, MO,96.9,1,0.2
Benton, MO,97.6,0.5,0.1
Bollinger, MO,97.3,0.5,0.3
Boone, MO,85.5,8.8,3.2
Buchanan, MO,92.7,4.6,0.6
Butler, MO,91.6,5.4,0.8
Caldwell, MO,97.7,0.8,0.1
Callaway, MO,92,5.2,0.9
Camden, MO,97.2,0.7,0.4
Cape Girardeau, MO,91.1,6.1,0.9
Carroll, MO,96.5,1.9,0.1
Carter, MO,96,0.2,0.1
Cass, MO,93.4,3.9,0.7
Cedar, MO,96.5,0.5,0.6
Chariton, MO,95.5,3.5,0.1
Christian, MO,96.8,1,0.4
Clark, MO,98.8,0.2,0.1
Clay, MO,90.9,4.8,2
Clinton, MO,96.3,1.6,0.3
Cole, MO,86.4,10.4,1.4
Cooper, MO,89.8,8.2,0.3
Crawford, MO,97.6,0.6,0.1
Dade, MO,96.8,0.6,0.2
Dallas, MO,96.7,0.6,0.3
Daviess, MO,98.5,0.2,0.1
DeKalb, MO,87.5,10.1,0.6
Dent, MO,96.6,0.9,0.3
Douglas, MO,96.6,0.3,0.2
Dunklin, MO,88.6,9.4,0.4
Franklin, MO,97.3,1.1,0.3
Gasconade, MO,98.1,0.5,0.2
Gentry, MO,98,0.2,0.4
Greene, MO,93.3,2.9,1.3
Grundy, MO,97.6,0.6,0.2
Harrison, MO,97.7,0.4,0.5
Henry, MO,96.4,1.3,0.3
Hickory, MO,97.6,0.1,0.1
Holt, MO,98,0.1,0.1
Howard, MO,91.4,6.6,0.1
Howell, MO,96.3,0.6,0.4
Iron, MO,95.8,2.3,0.1
Jackson, MO,73.2,22.4,1.6
Jasper, MO,93.6,1.8,1
Jefferson, MO,96.6,1.3,0.7
Johnson, MO,91.3,4.1,1.8
Knox, MO,98.3,0.3,0.1
Laclede, MO,96.7,0.9,0.4
Lafayette, MO,95.4,2.5,0.3
Lawrence, MO,96.8,0.6,0.3
Lewis, MO,95.5,3,0.2
Lincoln, MO,95.8,2.4,0.2
Linn, MO,97.5,0.9,0.2
Livingston, MO,95.2,2.8,0.5
McDonald, MO,92.3,0.7,0.9
Macon, MO,95.7,2.5,0.2
Madison, MO,97.8,0.6,0.4
Maries, MO,97,0.9,0.1
Marion, MO,92.7,4.9,0.3
Mercer, MO,98.5,0.2,0
Miller, MO,97.4,0.8,0.2
Mississippi, MO,77.7,20.3,0.6
Moniteau, MO,93.8,4.2,0.4
Monroe, MO,94,4.2,0.3
Montgomery, MO,95.4,2.3,0.4
Morgan, MO,97.1,0.8,0.2
New Madrid, MO,83.6,14.8,0.2
Newton, MO,93.1,1,0.9
Nodaway, MO,95,2.1,1.7
Oregon, MO,93.8,0.6,0.1
Osage, MO,98.2,0.4,0.2
Ozark, MO,97.2,0.4,0.1
Pemiscot, MO,73.6,24.6,0.4
Perry, MO,97.7,0.6,0.8
Pettis, MO,93.6,3.1,0.8
Phelps, MO,93.5,2,2
Pike, MO,89.3,9,0.2
Platte, MO,90.7,5.2,1.9
Polk, MO,96.7,0.9,0.5
Pulaski, MO,82.4,10.4,2.6
Putnam, MO,99,0.1,0.1
Ralls, MO,97.5,1.3,0.1
Randolph, MO,90.3,6.8,0.8
Ray, MO,96,2,0.2
Reynolds, MO,94.9,0.8,0.2
Ripley, MO,96.3,0.5,0.3
St. Charles, MO,92.2,4.3,2
St. Clair, MO,96.9,0.8,0.2
Ste. Genevieve, MO,97.3,1.4,0.2
St. Francois, MO,94.3,3.6,0.6
St. Louis, MO,73.1,21.9,3.3
Saline, MO,91.7,5.1,0.6
Schuyler, MO,98.4,0,0.2
Scotland, MO,98.9,0.2,0.1
Scott, MO,86.8,11.4,0.4
Shannon, MO,94.6,0.6,0.1
Shelby, MO,97.4,1.3,0.2
Stoddard, MO,96.6,1.4,0.3
Stone, MO,97.3,0.5,0.2
Sullivan, MO,98.1,0.5,0.2
Taney, MO,96,1.1,0.7
Texas, MO,93.9,2.8,0.4
Vernon, MO,96.6,0.8,0.4
Warren, MO,95.7,2.6,0.3
Washington, MO,95,2.7,0.2
Wayne, MO,97,0.5,0.2
Webster, MO,96.3,1.4,0.4
Worth, MO,98.6,0.3,0.1
Wright, MO,97.1,0.6,0.2
St. Louis city, MO,48,48.2,2.1
MONTANA,,90.3,0.7,0.7
Beaverhead, MT,95.8,0.5,0.3
Big Horn, MT,35,1,1
Blaine, MT,48.4,0.4,0.3
Broadwater, MT,97.2,0.3,0.1
Carbon, MT,97.5,0.3,0.3
Carter, MT,99,0.1,0.2
Cascade, MT,90.5,1.8,0.6
Chouteau, MT,81.7,0.1,0.3
Custer, MT,96.4,0.2,0.3
Daniels, MT,94.4,0.2,1.8
Dawson, MT,96.9,0.3,0.2
Deer Lodge, MT,95,0.4,0.5
Fallon, MT,98.4,0.1,0.3
Fergus, MT,95.9,0.8,0.2
Flathead, MT,96.2,0.5,0.5
Gallatin, MT,96.1,0.5,1.1
Garfield, MT,99.1,0.1,0.1
Glacier, MT,34.1,1.4,0.5
Golden Valley, MT,98.6,0,0.1
Granite, MT,96.7,0,0.1
Hill, MT,75,0.3,0.4
Jefferson, MT,96.3,0.1,0.4
Judith Basin, MT,98.4,0,0.1
Lake, MT,72.5,0.5,0.5
Lewis and Clark, MT,95,0.4,0.8
Liberty, MT,97.9,0,1.3
Lincoln, MT,96.2,0.2,0.3
McCone, MT,95.9,0.4,0.4
Madison, MT,97.9,0.1,0.3
Meagher, MT,97.9,0,0.2
Mineral, MT,94.2,0.3,0.5
Missoula, MT,93.4,0.8,1.2
Musselshell, MT,96.9,0.1,0.2
Park, MT,96.5,0.6,0.4
Petroleum, MT,98.6,0,0
Phillips, MT,86.5,0.2,0.4
Pondera, MT,80.8,0.2,0.2
Powder River, MT,97.4,0,0.1
Powell, MT,91.1,0.6,0.8
Prairie, MT,98,0,0.3
Ravalli, MT,97.1,0.3,0.4
Richland, MT,96.2,0.1,0.2
Roosevelt, MT,36.6,0.4,0.6
Rosebud, MT,61.1,0.6,0.8
Sanders, MT,92.3,0.2,0.5
Sheridan, MT,96,0.1,0.4
Silver Bow, MT,95.4,0.3,0.5
Stillwater, MT,97.1,0.2,0.3
Sweet Grass, MT,97.4,0.1,0.5
Teton, MT,96.1,0.2,0.1
Toole, MT,90.9,0.2,0.4
Treasure, MT,95.9,0.2,0.5
Valley, MT,85.7,0.2,0.3
Wheatland, MT,96.2,0.2,0.2
Wibaux, MT,97.9,0.2,0.2
Yellowstone, MT,91.3,1.6,1
Yellowstone National Park, MT,0,0,0
NEBRASKA,,91.1,4.6,1.7
Adams, NE,95.5,0.8,2.3
Antelope, NE,99,0.1,0.1
Arthur, NE,97.1,0,0.9
Banner, NE,98.6,0.2,0.2
Blaine, NE,98.5,0,0
Boone, NE,99.6,0.1,0
Box Butte, NE,92.6,0.6,0.7
Boyd, NE,98.6,0,0.2
Brown, NE,98.6,0,0.4
Buffalo, NE,96.9,1,0.7
Burt, NE,97.1,0.2,0.3
Butler, NE,98.9,0.2,0.2
Cass, NE,97.5,0.8,0.4
Cedar, NE,98.9,0.1,0.1
Chase, NE,98.9,0.2,0.2
Cherry, NE,92.3,0.1,0.5
Cheyenne, NE,97,0.2,0.9
Clay, NE,98.4,0.4,0.3
Colfax, NE,96.1,0.9,1
Cuming, NE,98.6,0.2,0.2
Custer, NE,98.5,0.1,0.2
Dakota, NE,89.2,2.7,3.7
Dawes, NE,92.1,1.6,0.3
Dawson, NE,95.5,1.6,1
Deuel, NE,98.3,0.1,0.4
Dixon, NE,97.9,0.1,0.3
Dodge, NE,97.1,0.9,0.6
Douglas, NE,83,11.8,2.5
Dundy, NE,97.3,0.1,0.7
Fillmore, NE,98,0.3,0.1
Franklin, NE,99.2,0,0.1
Frontier, NE,98.3,0.2,0.4
Furnas, NE,98.2,0.2,0.3
Gage, NE,97.2,0.5,0.5
Garden, NE,98.4,0.2,0.4
Garfield, NE,99,0.1,0.1
Gosper, NE,99.1,0,0.3
Grant, NE,99.5,0,0.4
Greeley, NE,98.3,0.8,0.1
Hall, NE,94.9,1.9,1.3
Hamilton, NE,98.7,0.2,0.3
Harlan, NE,99,0.2,0.1
Hayes, NE,98.5,0.2,0.3
Hitchcock, NE,98.5,0.1,0.1
Holt, NE,98.7,0.1,0.2
Hooker, NE,98.8,0,0.1
Howard, NE,98.8,0.4,0.1
Jefferson, NE,98.5,0.1,0.2
Johnson, NE,89.3,4.9,3.5
Kearney, NE,98.7,0.2,0.3
Keith, NE,97.8,0.2,0.3
Keya Paha, NE,99.4,0,0
Kimball, NE,97.4,0.3,0.1
Knox, NE,89.5,0.1,0.3
Lancaster, NE,90.6,3.7,3.1
Lincoln, NE,96.7,1.1,0.5
Logan, NE,98.5,0.1,0
Loup, NE,99.4,0,0.2
McPherson, NE,99.4,0,0.4
Madison, NE,96.1,0.9,0.5
Merrick, NE,98.7,0.2,0.2
Morrill, NE,97.9,0.2,0.3
Nance, NE,98.8,0,0.1
Nemaha, NE,97.2,0.7,0.7
Nuckolls, NE,97.9,1.2,0.2
Otoe, NE,98,0.5,0.4
Pawnee, NE,98.9,0,0.3
Perkins, NE,98.7,0,0.3
Phelps, NE,98,0.3,0.3
Pierce, NE,98.6,0.1,0.3
Platte, NE,97.2,0.7,0.8
Polk, NE,99,0,0.1
Red Willow, NE,97.8,0.4,0.2
Richardson, NE,94.6,0.3,0.3
Rock, NE,98.9,0,0.2
Saline, NE,95.5,0.9,2.1
Sarpy, NE,91.7,4,1.9
Saunders, NE,98.3,0.3,0.3
Scotts Bluff, NE,94.8,0.6,0.8
Seward, NE,97.7,0.5,0.5
Sheridan, NE,85.3,0.1,0.2
Sherman, NE,98.8,0.1,0.3
Sioux, NE,99.1,0,0.2
Stanton, NE,97.9,0.4,0.2
Thayer, NE,98.8,0,0.1
Thomas, NE,99.1,0,0
Thurston, NE,43.3,3.1,0.3
Valley, NE,98.6,0.2,0.2
Washington, NE,97.6,0.9,0.4
Wayne, NE,96.3,1.4,0.8
Webster, NE,97.6,0.2,0.8
Wheeler, NE,99.7,0,0
York, NE,95.9,1.6,0.8
NEVADA,,80.3,8.3,6.6
Churchill, NV,86.7,1.8,3
Clark, NV,77.1,10.6,7.7
Douglas, NV,93.2,0.7,2
Elko, NV,90.4,1.3,0.9
Esmeralda, NV,86.4,0.2,0
Eureka, NV,93.3,0.6,0.9
Humboldt, NV,91.6,0.8,0.7
Lander, NV,91.5,0.7,0.4
Lincoln, NV,94.5,1.9,0.3
Lyon, NV,91.8,1.7,1.8
Mineral, NV,74.5,5.2,1.3
Nye, NV,91.6,2.5,1.6
Pershing, NV,86.4,5.8,0.7
Storey, NV,92.3,1.1,2.6
Washoe, NV,86.9,2.7,5.5
White Pine, NV,88.2,4.5,1.1
Carson City city, NV,90.9,2.1,2.5
NEW HAMPSHIRE,,95.3,1.4,2
Belknap, NH,97.3,0.5,0.8
Carroll, NH,97.9,0.4,0.7
Cheshire, NH,97,0.8,0.9
Coos, NH,97.6,0.4,0.6
Grafton, NH,95.4,0.9,2.1
Hillsborough, NH,92.7,2.5,3.2
Merrimack, NH,96.3,1,1.3
Rockingham, NH,96.2,0.9,1.7
Strafford, NH,95.2,1.1,2.1
Sullivan, NH,97.6,0.4,0.6
NEW JERSEY,,75.8,14.5,7.8
Atlantic, NJ,73.6,17.5,6.7
Bergen, NJ,77.2,6.2,14.8
Burlington, NJ,76.5,17,4.1
Camden, NJ,72.2,20.8,4.9
Cape May, NJ,92.5,5.1,0.9
Cumberland, NJ,73.6,22,1.3
Essex, NJ,51.8,41.7,4.5
Gloucester, NJ,85.4,10.5,2.5
Hudson, NJ,70.8,14.6,11.9
Hunterdon, NJ,92.1,3.1,3.6
Mercer, NJ,69.1,20.6,8.3
Middlesex, NJ,67.6,11,19.5
Monmouth, NJ,85.4,7.9,5.2
Morris, NJ,86.6,3.3,8.7
Ocean, NJ,93.5,3.5,1.8
Passaic, NJ,77.8,15.1,4.9
Salem, NJ,81.7,15.5,0.8
Somerset, NJ,76.2,9.2,13.1
Sussex, NJ,94.6,2.1,2.1
Union, NJ,70.9,22.6,4.6
Warren, NJ,92.3,3.7,2.8
NEW MEXICO,,83.6,3.1,1.5
Bernalillo, NM,85.6,4.2,2.4
Catron, NM,94.3,0.3,0.7
Chaves, NM,93,2.9,1.1
Cibola, NM,52.9,1.7,0.5
Colfax, NM,94.9,0.5,0.6
Curry, NM,83.5,8.9,3.1
De Baca, NM,96.9,0.3,0.3
Dona Ana, NM,92.5,3.4,1
Eddy, NM,93.5,2.5,0.8
Grant, NM,94.6,1.4,0.5
Guadalupe, NM,94.7,1.8,1.4
Harding, NM,95.6,0.5,0
Hidalgo, NM,96.7,0.6,0.8
Lea, NM,90.5,5.8,0.7
Lincoln, NM,94.5,1,0.4
Los Alamos, NM,89.5,0.9,6.8
Luna, NM,95,1.9,0.6
McKinley, NM,21.1,1.6,0.9
Mora, NM,97.3,0.4,0.2
Otero, NM,84.2,5.1,1.4
Quay, NM,93.8,1.3,1.2
Rio Arriba, NM,81.3,0.7,0.3
Roosevelt, NM,92.5,3.1,1
Sandoval, NM,79.9,3,1.6
San Juan, NM,58.4,1.6,0.5
San Miguel, NM,93.8,1.4,0.9
Santa Fe, NM,92.3,1.4,1.3
Sierra, NM,95.9,0.6,0.2
Socorro, NM,81.3,1.2,2.1
Taos, NM,89.6,0.7,0.6
Torrance, NM,91.8,2.4,0.6
Union, NM,96.8,0.2,0.5
Valencia, NM,91.4,2.1,0.7
NEW YORK,,73.4,17.2,7.1
Albany, NY,81.5,12.4,4.1
Allegany, NY,96.2,1.4,1.1
Bronx, NY,49.5,43,3.8
Broome, NY,90.1,4.7,3.3
Cattaraugus, NY,93.6,1.4,0.6
Cayuga, NY,93.6,4.2,0.5
Chautauqua, NY,95.1,2.6,0.5
Chemung, NY,90.5,6.3,1.1
Chenango, NY,97.1,1.3,0.4
Clinton, NY,93.9,3.8,0.8
Columbia, NY,91.7,5,1.5
Cortland, NY,96,1.7,0.7
Delaware, NY,95.9,1.8,0.8
Dutchess, NY,84.2,10.5,3.3
Erie, NY,82.6,13.5,1.9
Essex, NY,95,3.1,0.5
Franklin, NY,84.9,7,0.5
Fulton, NY,95.7,2,0.9
Genesee, NY,94.5,2.7,0.6
Greene, NY,91.2,6.3,0.7
Hamilton, NY,98,0.7,0.2
Herkimer, NY,96.9,1.2,0.7
Jefferson, NY,90.5,5.3,1
Kings, NY,51.6,36.7,9.5
Lewis, NY,97.7,1,0.2
Livingston, NY,94.4,3.1,1
Madison, NY,95.8,1.8,0.7
Monroe, NY,80.4,14.8,2.8
Montgomery, NY,95.6,2.2,0.7
Nassau, NY,79.8,11.3,7.2
New York, NY,67.9,18.3,10.9
Niagara, NY,89.7,6.8,0.9
Oneida, NY,90.4,6.4,1.5
Onondaga, NY,84,10.4,2.5
Ontario, NY,94.8,2.6,1.1
Orange, NY,84,11.1,2.5
Orleans, NY,90.2,7.4,0.4
Oswego, NY,96.8,1.1,0.6
Otsego, NY,95.3,2.3,0.9
Putnam, NY,93.2,3.3,2.2
Queens, NY,55,20,22.2
Rensselaer, NY,89.9,6.1,2.3
Richmond, NY,79.5,11.1,7.5
Rockland, NY,80.4,11.4,6.3
St. Lawrence, NY,94.6,2.5,0.9
Saratoga, NY,95.1,1.8,1.7
Schenectady, NY,83.9,9.6,4
Schoharie, NY,96.6,1.5,0.5
Schuyler, NY,96.1,2,0.3
Seneca, NY,92.3,5.1,1
Steuben, NY,95.8,1.7,1.2
Suffolk, NY,87,7.8,3.4
Sullivan, NY,86.8,9.5,1.7
Tioga, NY,96.9,1.1,0.7
Tompkins, NY,84.1,4,9.2
Ulster, NY,89.8,6.4,1.7
Warren, NY,96.9,1,0.8
Washington, NY,95,3.4,0.4
Wayne, NY,94.2,3.3,0.6
Westchester, NY,77.5,14.4,6.1
Wyoming, NY,92.3,6.1,0.6
Yates, NY,97.7,0.9,0.4
NORTH CAROLINA,,73.7,21.6,2
Alamance, NC,78.4,18.8,1.3
Alexander, NC,91.3,6.2,1.2
Alleghany, NC,96.6,1.7,0.4
Anson, NC,49.7,48.2,0.9
Ashe, NC,98,1,0.2
Avery, NC,93.2,5.3,0.3
Beaufort, NC,72,26.7,0.3
Bertie, NC,35.9,62.9,0.2
Bladen, NC,60.9,35.6,0.2
Brunswick, NC,86.1,11.7,0.5
Buncombe, NC,90,7.1,1.1
Burke, NC,88.2,6.5,3.5
Cabarrus, NC,81.4,15.2,1.8
Caldwell, NC,92.9,5.4,0.6
Camden, NC,81.7,16,0.8
Carteret, NC,90.1,7.5,0.6
Caswell, NC,65,33.6,0.2
Catawba, NC,87.1,8.5,3.1
Chatham, NC,83.5,12.9,2.2
Cherokee, NC,95,1.9,0.3
Chowan, NC,62.7,36,0.3
Clay, NC,97.6,1.3,0.1
Cleveland, NC,77.4,20.7,0.8
Columbus, NC,65,30.4,0.3
Craven, NC,72.8,23.7,1.3
Cumberland, NC,55.5,37.5,2.1
Currituck, NC,90.4,7.5,0.6
Dare, NC,94.6,3.4,0.5
Davidson, NC,88.1,9.4,1.1
Davie, NC,91.4,7,0.4
Duplin, NC,72.9,25.6,0.3
Durham, NC,56.5,37.2,4.4
Edgecombe, NC,42.1,56.6,0.3
Forsyth, NC,70.8,25.9,1.6
Franklin, NC,71.8,26.4,0.5
Gaston, NC,82.1,15.2,1.3
Gates, NC,62.7,35.1,0.8
Graham, NC,90,0.6,0.6
Granville, NC,64.4,33.1,0.5
Greene, NC,58.6,40.1,0.1
Guilford, NC,62.7,31.8,3.5
Halifax, NC,41.2,53.7,0.7
Harnett, NC,74.1,22.1,1.1
Haywood, NC,96.8,1.6,0.3
Henderson, NC,94.6,3.4,0.8
Hertford, NC,36,61.3,0.5
Hoke, NC,53.7,33.4,1.2
Hyde, NC,62.2,36.1,0.5
Iredell, NC,84.4,12.4,1.9
Jackson, NC,84.3,2.5,0.9
Johnston, NC,82.2,15.6,0.8
Jones, NC,65.8,32.4,0.2
Lee, NC,77.8,19.8,0.8
Lenoir, NC,57.6,40.8,0.5
Lincoln, NC,91.9,6.5,0.4
McDowell, NC,93.6,4,1.2
Macon, NC,96.3,1.9,0.6
Madison, NC,97.1,1.5,0.4
Martin, NC,54.9,43.2,0.4
Mecklenburg, NC,64.1,29.8,4.1
Mitchell, NC,97.1,0.9,0.2
Montgomery, NC,76.7,19.4,2
Moore, NC,83.1,14.3,0.8
Nash, NC,60.5,37.2,0.8
New Hanover, NC,81.7,15.5,1.2
Northampton, NC,40.9,57.7,0.2
Onslow, NC,76.6,17.5,1.9
Orange, NC,78.3,13.5,6
Pamlico, NC,75.7,22.2,0.6
Pasquotank, NC,58.4,38.5,1.3
Pender, NC,79.4,18.7,0.4
Perquimans, NC,73.3,25.5,0.2
Person, NC,70.3,27.8,0.3
Pitt, NC,63.4,33.9,1.2
Polk, NC,93.5,5.3,0.2
Randolph, NC,91.5,5.9,1
Richmond, NC,65.1,30.6,0.8
Robeson, NC,35.9,23.8,0.8
Rockingham, NC,79.2,19,0.5
Rowan, NC,82.1,15.7,0.9
Rutherford, NC,87.2,11,0.4
Sampson, NC,68.6,27.8,0.5
Scotland, NC,49.4,38.3,0.6
Stanly, NC,85.1,11.8,2
Stokes, NC,93.8,5,0.2
Surry, NC,94.4,4.1,0.6
Swain, NC,68.7,1.9,0.3
Transylvania, NC,92.5,5.3,0.5
Tyrrell, NC,56.9,40.4,1.7
Union, NC,84.4,12.3,1.7
Vance, NC,48.8,49.3,0.8
Wake, NC,72.3,20.6,4.9
Warren, NC,40.6,53.1,0.2
Washington, NC,48.1,50.1,0.8
Watauga, NC,95.8,2.1,0.8
Wayne, NC,64.7,32.6,0.8
Wilkes, NC,94.2,4.1,0.8
Wilson, NC,58.9,39.2,0.8
Yadkin, NC,95,3.6,0.2
Yancey, NC,97.4,1.1,0.2
NORTH DAKOTA,,91.1,1.2,0.8
Adams, ND,98.3,0.5,0.2
Barnes, ND,96.7,1.2,0.3
Benson, ND,44.2,0.3,0
Billings, ND,98.5,0,0.1
Bottineau, ND,95.6,0.3,0.5
Bowman, ND,99,0,0.1
Burke, ND,99,0.3,0.2
Burleigh, ND,93.2,0.7,0.6
Cass, ND,92.8,2.5,1.8
Cavalier, ND,97.5,0.2,0.2
Dickey, ND,97.4,0.2,0.6
Divide, ND,98.1,0,1.3
Dunn, ND,85.3,0.1,0.1
Eddy, ND,94.8,0.1,0.2
Emmons, ND,99.2,0.1,0.2
Foster, ND,98.7,0.2,0
Golden Valley, ND,97.5,0.2,0.1
Grand Forks, ND,92.7,1.8,1.1
Grant, ND,95.1,0,0.4
Griggs, ND,99.4,0,0.2
Hettinger, ND,97.3,0.3,0.1
Kidder, ND,98.8,0.2,0.1
LaMoure, ND,99.3,0.1,0.2
Logan, ND,98.8,0.1,0.2
McHenry, ND,98.4,0.1,0.1
McIntosh, ND,98.7,0,0.5
McKenzie, ND,76.7,0.2,0.1
McLean, ND,91.2,0.2,0.2
Mercer, ND,95.3,0.1,0.3
Morton, ND,94.3,0.3,0.5
Mountrail, ND,62.7,0.5,0.2
Nelson, ND,97.8,0.1,1
Oliver, ND,96.3,0.2,0.5
Pembina, ND,95,0.4,0.6
Pierce, ND,97.8,0.2,0.3
Ramsey, ND,88.7,0.4,0.3
Ransom, ND,97.9,0.2,0.3
Renville, ND,97.3,0.3,0.5
Richland, ND,95.3,0.5,0.4
Rolette, ND,25,1,1.1
Sargent, ND,97.3,1.2,0.1
Sheridan, ND,99,0.2,0
Sioux, ND,18.7,0.3,0.1
Slope, ND,99.5,0,0
Stark, ND,97,0.5,0.3
Steele, ND,97.8,0.2,0.1
Stutsman, ND,96.5,0.5,0.5
Towner, ND,95.9,0.1,0.2
Traill, ND,97.7,0.4,0.2
Walsh, ND,96.5,0.5,0.4
Ward, ND,92.4,2.3,0.7
Wells, ND,98.5,0.2,0.6
Williams, ND,91.9,0.3,0.7
OHIO,,84.7,12.1,1.6
Adams, OH,97.3,0.6,0.1
Allen, OH,85.5,11.7,0.7
Ashland, OH,97.1,1.1,0.8
Ashtabula, OH,94.6,3.4,0.4
Athens, OH,93.5,2.7,1.9
Auglaize, OH,97.4,0.6,0.9
Belmont, OH,93.8,4.6,0.4
Brown, OH,97.6,1.1,0.3
Butler, OH,89.1,7.2,2.2
Carroll, OH,97.8,0.9,0.1
Champaign, OH,95.4,2.4,0.4
Clark, OH,88.2,8.8,0.7
Clermont, OH,96.6,1.4,0.9
Clinton, OH,95.5,2.5,0.5
Columbiana, OH,96.1,2.3,0.4
Coshocton, OH,96.9,1.2,0.5
Crawford, OH,97.6,0.9,0.4
Cuyahoga, OH,66.7,29.3,2.4
Darke, OH,97.9,0.7,0.4
Defiance, OH,96.3,2,0.4
Delaware, OH,90.2,4,4.3
Erie, OH,88.4,8.8,0.7
Fairfield, OH,90.8,6.6,1
Fayette, OH,95.2,2.3,0.8
Franklin, OH,74.1,19.8,3.9
Fulton, OH,97.6,0.7,0.5
Gallia, OH,94.9,2.8,0.4
Geauga, OH,96.8,1.7,0.6
Greene, OH,88.4,7,2.4
Guernsey, OH,96.1,1.7,0.3
Hamilton, OH,71.6,24.9,1.9
Hancock, OH,95.3,1.7,1.8
Hardin, OH,97.1,1.1,0.6
Harrison, OH,95.9,2.6,0.1
Henry, OH,97.3,0.9,0.8
Highland, OH,96.4,1.7,0.5
Hocking, OH,96.7,1.3,0.4
Holmes, OH,99,0.4,0.1
Huron, OH,97,1.2,0.5
Jackson, OH,97.5,0.8,0.3
Jefferson, OH,92.3,5.6,0.5
Knox, OH,97.2,1.1,0.4
Lake, OH,94.3,3.2,1.3
Lawrence, OH,96.1,2.2,0.4
Licking, OH,94.6,3.1,0.7
Logan, OH,95.5,1.9,0.9
Lorain, OH,88.1,8.7,0.9
Lucas, OH,78.3,18.2,1.4
Madison, OH,90.7,7.1,0.8
Mahoning, OH,81.6,16.2,0.7
Marion, OH,91.3,6.7,0.7
Medina, OH,96.3,1.6,1.1
Meigs, OH,97.4,0.9,0.3
Mercer, OH,98.2,0.4,0.5
Miami, OH,95,2.3,1.3
Monroe, OH,98.5,0.4,0.1
Montgomery, OH,76.3,20.3,1.5
Morgan, OH,92.8,3.9,0.1
Morrow, OH,97.7,1,0.2
Muskingum, OH,93.7,4,0.4
Noble, OH,90.8,8.2,0.2
Ottawa, OH,97.6,1,0.3
Paulding, OH,96.9,1.3,0.2
Perry, OH,98.2,0.5,0.2
Pickaway, OH,92.6,5.7,0.3
Pike, OH,96.2,1.1,0.3
Portage, OH,92.9,4.5,1.1
Preble, OH,97.8,0.6,0.6
Putnam, OH,98.6,0.5,0.2
Richland, OH,87.8,9.7,0.7
Ross, OH,91,6.6,0.5
Sandusky, OH,95,3.1,0.4
Scioto, OH,94.3,3,0.4
Seneca, OH,95.9,2.1,0.5
Shelby, OH,94.9,2.1,1.5
Stark, OH,89.8,7.5,0.8
Summit, OH,82.3,14.1,2
Trumbull, OH,89.9,8.2,0.5
Tuscarawas, OH,97.6,0.9,0.3
Union, OH,93.3,4,1.4
Van Wert, OH,97.6,1.1,0.3
Vinton, OH,97.4,0.8,0.1
Warren, OH,91.6,3.8,3.3
Washington, OH,97.1,1.1,0.5
Wayne, OH,96.3,1.7,0.9
Williams, OH,97.3,1,0.6
Wood, OH,95.5,2,1.3
Wyandot, OH,97.9,0.6,0.7
OKLAHOMA,,78,8.1,1.7
Adair, OK,49.1,0.7,0.4
Alfalfa, OK,88.9,5.1,0.1
Atoka, OK,75.9,5.8,0.3
Beaver, OK,96,0.6,0.1
Beckham, OK,89.2,5.1,0.5
Blaine, OK,73.7,8.9,1.2
Bryan, OK,80,2.1,0.7
Caddo, OK,65.6,4.8,0.3
Canadian, OK,87.3,3,2.5
Carter, OK,78.3,7.8,0.9
Cherokee, OK,58.7,2,0.5
Choctaw, OK,68.1,10.6,0.2
Cimarron, OK,96.2,0.8,0.2
Cleveland, OK,83,5,3.5
Coal, OK,73.3,1,0.5
Comanche, OK,69.8,19.1,2.1
Cotton, OK,84,3.7,0.2
Craig, OK,67.5,3.4,0.2
Creek, OK,82.4,2.7,0.4
Custer, OK,85.9,3.3,1.4
Delaware, OK,71,0.5,0.7
Dewey, OK,90.5,0.2,0.1
Ellis, OK,96.6,0.1,0.1
Garfield, OK,90,3.4,1
Garvin, OK,85,3,0.3
Grady, OK,88.2,2.9,0.4
Grant, OK,94.2,0.1,0.2
Greer, OK,83.2,10.3,0.3
Harmon, OK,80.7,13,0.7
Harper, OK,96.1,0,0.1
Haskell, OK,77,0.9,0.3
Hughes, OK,71.6,5.3,0.2
Jackson, OK,86.3,8.2,1.5
Jefferson, OK,87.6,1.5,1.3
Johnston, OK,75.5,2.3,0.3
Kay, OK,84.2,2.2,0.8
Kingfisher, OK,91.9,1.8,0.2
Kiowa, OK,84,5.5,0.4
Latimer, OK,72.6,1.6,0.4
Le Flore, OK,81.4,2.3,0.3
Lincoln, OK,86.3,2.6,0.3
Logan, OK,82.8,10.9,0.5
Love, OK,87.7,2.3,0.3
McClain, OK,89.2,1.1,0.3
McCurtain, OK,71.7,8.5,0.3
McIntosh, OK,72.7,4,0.2
Major, OK,95.8,0.4,0.2
Marshall, OK,84.1,2.1,0.3
Mayes, OK,70.8,0.9,0.4
Murray, OK,80.6,2.3,0.3
Muskogee, OK,65.4,11.9,0.7
Noble, OK,85.1,2.1,0.4
Nowata, OK,71.2,2.7,0.2
Okfuskee, OK,66.1,9.7,0.1
Oklahoma, OK,74.7,15.7,3.3
Okmulgee, OK,69.6,9.2,0.3
Osage, OK,67.4,11,0.3
Ottawa, OK,73.9,1.1,0.5
Pawnee, OK,81.4,1.1,0.2
Payne, OK,85.2,4.3,2.5
Pittsburg, OK,76.7,4.2,0.4
Pontotoc, OK,74.5,2.5,0.6
Pottawatomie, OK,78.7,3.4,0.7
Pushmataha, OK,77.1,1.2,0.2
Roger Mills, OK,89.5,0.6,0.1
Rogers, OK,79.8,1.5,0.9
Seminole, OK,70.7,5.5,0.4
Sequoyah, OK,69.2,2.1,0.3
Stephens, OK,88.8,2.7,0.4
Texas, OK,94,1.6,1.2
Tillman, OK,83,9.8,0.8
Tulsa, OK,77.4,11.7,2.1
Wagoner, OK,80.2,4.4,1.2
Washington, OK,80.6,2.8,1.1
Washita, OK,92.8,1.3,0.3
Woods, OK,91.9,3.1,0.7
Woodward, OK,92.5,2.4,0.5
OREGON,,89.8,2,3.7
Baker, OR,96.3,0.3,0.5
Benton, OR,90.1,1.2,5
Clackamas, OR,91.5,1.1,3.8
Clatsop, OR,94.2,0.9,1.5
Columbia, OR,94.3,0.6,1
Coos, OR,92.5,0.5,1.1
Crook, OR,96.3,0.1,0.5
Curry, OR,93.9,0.3,0.9
Deschutes, OR,94.9,0.7,1.1
Douglas, OR,94.3,0.4,0.8
Gilliam, OR,97.2,0.3,0.2
Grant, OR,95.7,0.1,0.2
Harney, OR,91.5,0.2,0.7
Hood River, OR,94.5,0.8,1.5
Jackson, OR,94.3,0.7,1.3
Jefferson, OR,78.7,0.8,0.4
Josephine, OR,94.9,0.5,0.7
Klamath, OR,90.4,0.9,1
Lake, OR,93.8,0.2,0.9
Lane, OR,91.5,1.1,3
Lincoln, OR,91.4,0.5,1.2
Linn, OR,94.7,0.6,1
Malheur, OR,93.4,1.5,1.9
Marion, OR,91.7,1.4,2.1
Morrow, OR,94.3,0.4,0.7
Multnomah, OR,83,6,6.1
Polk, OR,93,0.8,1.6
Sherman, OR,94.7,0.2,0.5
Tillamook, OR,95.2,0.4,0.8
Umatilla, OR,92.4,1.2,1
Union, OR,93.9,0.7,1.2
Wallowa, OR,97.2,0.1,0.3
Wasco, OR,91.7,0.4,1.2
Washington, OR,85.3,2.1,8.7
Wheeler, OR,96.2,0.1,0.3
Yamhill, OR,94.1,1,1.3
PENNSYLVANIA,,85.2,10.9,2.5
Adams, PA,96.1,2.1,0.7
Allegheny, PA,83.1,12.9,2.5
Armstrong, PA,98.1,0.9,0.2
Beaver, PA,92.1,6.2,0.4
Bedford, PA,98.3,0.5,0.3
Berks, PA,91.8,5.3,1.4
Blair, PA,96.9,1.6,0.5
Bradford, PA,97.7,0.6,0.6
Bucks, PA,91.5,3.8,3.6
Butler, PA,97.2,1.1,0.9
Cambria, PA,94.9,3.5,0.6
Cameron, PA,98.4,0.6,0.2
Carbon, PA,96.8,1.8,0.4
Centre, PA,91,3.1,4.5
Chester, PA,88.6,6.4,3.7
Clarion, PA,97.6,1.2,0.4
Clearfield, PA,95.9,3.1,0.4
Clinton, PA,97.6,1,0.6
Columbia, PA,97.1,1.3,0.7
Crawford, PA,96.5,2,0.4
Cumberland, PA,92.9,3.3,2.6
Dauphin, PA,77.5,17.5,2.7
Delaware, PA,75.4,18.6,4.6
Elk, PA,98.7,0.3,0.5
Erie, PA,91,6.7,0.8
Fayette, PA,94.5,4,0.3
Forest, PA,80.8,18,0.3
Franklin, PA,94.6,3.3,0.9
Fulton, PA,97.5,1.3,0.1
Greene, PA,94.8,3.9,0.4
Huntingdon, PA,93.2,5.6,0.3
Indiana, PA,96.4,2,0.9
Jefferson, PA,98.5,0.4,0.4
Juniata, PA,97.9,0.7,0.5
Lackawanna, PA,95.6,2.3,1.1
Lancaster, PA,93.2,3.7,1.7
Lawrence, PA,94.3,4.1,0.4
Lebanon, PA,95.9,2.1,1
Lehigh, PA,89.4,5.8,3
Luzerne, PA,95.1,3.1,0.9
Lycoming, PA,93.4,4.7,0.5
McKean, PA,95.8,2.5,0.5
Mercer, PA,92.8,5.4,0.6
Mifflin, PA,98.3,0.7,0.3
Monroe, PA,84,11.8,2.3
Montgomery, PA,84.5,8.5,5.5
Montour, PA,96,1.6,1.7
Northampton, PA,91.4,4.7,2.4
Northumberland, PA,96.6,2.3,0.3
Perry, PA,98,0.8,0.3
Philadelphia, PA,48.6,43.7,5.7
Pike, PA,91.4,5.9,1.3
Potter, PA,97.4,0.9,0.6
Schuylkill, PA,95.8,3,0.5
Snyder, PA,97.6,1.1,0.6
Somerset, PA,96.6,2.7,0.3
Sullivan, PA,94.9,3.3,0.2
Susquehanna, PA,98.2,0.6,0.3
Tioga, PA,97.7,0.9,0.4
Union, PA,89.3,8,1.3
Venango, PA,97.3,1.3,0.3
Warren, PA,98.4,0.3,0.4
Washington, PA,94.8,3.4,0.6
Wayne, PA,96.1,2.5,0.6
Westmoreland, PA,95.8,2.5,0.8
Wyoming, PA,97.7,1,0.5
York, PA,91.8,5.5,1.2
RHODE ISLAND,,88.3,6.4,2.8
Bristol, RI,95.9,1.2,1.6
Kent, RI,94.6,1.8,2
Newport, RI,92.8,3.3,1.4
Providence, RI,84.2,9.5,3.4
Washington, RI,94.5,1.2,1.9
SOUTH CAROLINA,,68.9,28.2,1.3
Abbeville, SC,70.5,28.3,0.3
Aiken, SC,72,25.5,0.8
Allendale, SC,27.5,71.4,0.2
Anderson, SC,81.3,16.7,0.8
Bamberg, SC,37,61.9,0.2
Barnwell, SC,54.2,43.8,0.6
Beaufort, SC,77.1,20.1,1.1
Berkeley, SC,69,26.5,2.2
Calhoun, SC,54.1,44.6,0.4
Charleston, SC,66.3,30.5,1.6
Cherokee, SC,77.4,20.8,0.5
Chester, SC,60.5,37.9,0.4
Chesterfield, SC,64.8,33.4,0.5
Clarendon, SC,48.6,49.7,0.6
Colleton, SC,57.8,40.2,0.3
Darlington, SC,56.8,42,0.4
Dillon, SC,50.3,45.6,0.4
Dorchester, SC,70.2,25.9,1.5
Edgefield, SC,59.3,39.2,0.4
Fairfield, SC,42.2,56.6,0.3
Florence, SC,57,40.9,1.1
Georgetown, SC,65.2,33.4,0.6
Greenville, SC,78,18.1,2.1
Greenwood, SC,66.1,31.3,1.5
Hampton, SC,44,54.9,0.2
Horry, SC,83.2,14.1,1.1
Jasper, SC,51.6,46.6,0.8
Kershaw, SC,72.4,25.8,0.5
Lancaster, SC,72.9,25.4,0.6
Laurens, SC,73,25.3,0.4
Lee, SC,37.7,61.3,0.2
Lexington, SC,82.1,14.8,1.4
McCormick, SC,52.4,46.5,0.3
Marion, SC,43.6,55,0.4
Marlboro, SC,42.4,52.3,0.3
Newberry, SC,67.9,30.6,0.4
Oconee, SC,90.5,7.9,0.4
Orangeburg, SC,36,61.9,0.7
Pickens, SC,90.2,7.2,1.5
Richland, SC,49.5,46.1,2.4
Saluda, SC,71.2,27.2,0.1
Spartanburg, SC,75.9,20.8,2
Sumter, SC,49.6,47.5,1.2
Union, SC,67.5,31.2,0.2
Williamsburg, SC,31.6,67.2,0.3
York, SC,77.6,19,1.5
SOUTH DAKOTA,,87.9,1.2,0.9
Aurora, SD,96.9,0.3,0.1
Beadle, SD,94.3,1.1,1.8
Bennett, SD,35.5,0.5,0.1
Bon Homme, SD,93.8,0.8,0.3
Brookings, SD,95.1,0.5,2.3
Brown, SD,94.5,0.5,0.7
Brule, SD,87.6,0.2,0.5
Buffalo, SD,17.7,0.4,0
Butte, SD,96.1,0.2,0.2
Campbell, SD,98.4,0,0.6
Charles Mix, SD,66.4,0.3,0.2
Clark, SD,98.5,0.1,0.1
Clay, SD,91.8,1.2,2.6
Codington, SD,96,0.2,0.5
Corson, SD,32.2,0.3,0.2
Custer, SD,93.7,0.3,0.2
Davison, SD,95.2,0.4,0.4
Day, SD,87.6,0.2,0.1
Deuel, SD,98.4,0.2,0.2
Dewey, SD,23.7,0.5,0.6
Douglas, SD,97.5,0.1,0.2
Edmunds, SD,99,0.1,0.1
Fall River, SD,90.1,0.3,0.4
Faulk, SD,99.3,0.1,0
Grant, SD,98.7,0,0.2
Gregory, SD,90.4,0,0.3
Haakon, SD,94.8,0,0.1
Hamlin, SD,98.1,0.1,0.2
Hand, SD,99.3,0,0.1
Hanson, SD,99.3,0,0.1
Harding, SD,96.3,0.5,0.7
Hughes, SD,85.4,0.5,0.9
Hutchinson, SD,98.3,0.1,0.1
Hyde, SD,88.2,0.1,0
Jackson, SD,45.9,0.1,0
Jerauld, SD,98.5,0,0.2
Jones, SD,93.1,0,0
Kingsbury, SD,98.2,0.1,0.6
Lake, SD,97.3,0.4,0.8
Lawrence, SD,95.4,0.4,0.4
Lincoln, SD,96.9,0.7,0.8
Lyman, SD,59.9,0.1,0.2
McCook, SD,98.8,0.1,0.2
McPherson, SD,99.3,0,0.2
Marshall, SD,89.3,0.1,0.1
Meade, SD,92.8,1.7,0.8
Mellette, SD,42.9,0.1,0.1
Miner, SD,98.3,0.6,0.1
Minnehaha, SD,91.9,2.9,1.2
Moody, SD,82.8,0.3,1.5
Pennington, SD,86.5,1.6,0.9
Perkins, SD,96.2,0.2,0.3
Potter, SD,96.5,0,0.4
Roberts, SD,64.3,0.2,0.3
Sanborn, SD,98.5,0,0.5
Shannon, SD,9.7,2.6,0.7
Spink, SD,96.9,0.3,0.1
Stanley, SD,89.4,0.2,0.8
Sully, SD,96.8,0,0.5
Todd, SD,14.8,1.1,1.3
Tripp, SD,84.3,0.1,0.1
Turner, SD,98,0.3,0.3
Union, SD,95,0.5,3.1
Walworth, SD,83,0.1,0.2
Yankton, SD,94.9,1.5,0.5
Ziebach, SD,25.7,0,0.1
TENNESSEE,,80.2,16.8,1.4
Anderson, TN,92.8,4.2,1.3
Bedford, TN,90.4,7.3,0.7
Benton, TN,95.9,2.4,0.4
Bledsoe, TN,94.4,3.9,0.1
Blount, TN,94.3,3.2,1.1
Bradley, TN,93.1,4.5,0.7
Campbell, TN,97.7,0.6,0.2
Cannon, TN,96.7,1.9,0.1
Carroll, TN,87.2,10.8,0.3
Carter, TN,96.5,1.9,0.3
Cheatham, TN,95.7,2.7,0.4
Chester, TN,88.3,10.1,0.3
Claiborne, TN,97.5,1,0.4
Clay, TN,94.9,3.3,0.3
Cocke, TN,95.8,2.3,0.2
Coffee, TN,93.7,3.8,1
Crockett, TN,85.6,13.2,0.1
Cumberland, TN,98.1,0.5,0.3
Davidson, TN,67.4,27.4,2.9
Decatur, TN,94.7,3.8,0.2
DeKalb, TN,96.4,1.8,0.5
Dickson, TN,93.3,4.6,0.4
Dyer, TN,83.8,14.4,0.5
Fayette, TN,71.6,26.2,1.1
Fentress, TN,98.9,0.4,0.1
Franklin, TN,92.3,5.7,0.5
Gibson, TN,79.7,18.8,0.3
Giles, TN,86.8,11.1,0.6
Grainger, TN,98.3,0.9,0.1
Greene, TN,96.4,2.4,0.3
Grundy, TN,97.9,0.7,0.2
Hamblen, TN,93.3,4.2,0.9
Hamilton, TN,76.6,20.1,1.7
Hancock, TN,98.1,0.6,0.1
Hardeman, TN,58.2,40.1,0.4
Hardin, TN,94.5,4,0.2
Hawkins, TN,97,1.7,0.4
Haywood, TN,49.3,49.6,0.3
Henderson, TN,90.4,8,0.2
Henry, TN,89.7,8.5,0.4
Hickman, TN,93.5,4.8,0.1
Houston, TN,94.4,3.8,0.1
Humphreys, TN,95.1,3.3,0.4
Jackson, TN,97.5,1,0.3
Jefferson, TN,95.9,2.3,0.4
Johnson, TN,95.9,3.1,0.1
Knox, TN,87.5,9,1.8
Lake, TN,63.5,34.6,0.2
Lauderdale, TN,63.3,33.9,0.9
Lawrence, TN,96.7,1.8,0.3
Lewis, TN,96.2,2.1,0.6
Lincoln, TN,90.3,7.3,0.5
Loudon, TN,96.9,1.4,0.4
McMinn, TN,93.4,4.3,0.8
McNairy, TN,92,6.4,0.2
Macon, TN,97.7,1,0.3
Madison, TN,63.7,34.2,0.9
Marion, TN,94,4.3,0.4
Marshall, TN,91.1,7.3,0.4
Maury, TN,85.1,12.7,0.6
Meigs, TN,96.8,2,0.2
Monroe, TN,95.5,2.3,0.6
Montgomery, TN,74.8,19.7,2
Moore, TN,95.5,3.4,0.1
Morgan, TN,98.1,0.8,0.1
Obion, TN,88.8,9.8,0.3
Overton, TN,98.1,0.9,0.1
Perry, TN,96,2.2,0.1
Pickett, TN,99,0.3,0.1
Polk, TN,97.3,1,0.1
Putnam, TN,95.4,2.2,1
Rhea, TN,95.5,2.6,0.3
Roane, TN,94.9,3,0.5
Robertson, TN,89.8,8.4,0.5
Rutherford, TN,83.1,12.4,2.8
Scott, TN,98.2,0.4,0.1
Sequatchie, TN,97.8,0.9,0.4
Sevier, TN,96.8,1.3,0.7
Shelby, TN,44.2,52,2.3
Smith, TN,95.3,3.2,0.2
Stewart, TN,94.3,2.4,1.4
Sullivan, TN,96,2.3,0.6
Sumner, TN,90.9,6.8,1
Tipton, TN,78.5,19.4,0.5
Trousdale, TN,88.1,10.6,0.1
Unicoi, TN,98.1,0.7,0.1
Union, TN,98,0.7,0.2
Van Buren, TN,98.7,0.5,0.1
Warren, TN,94.6,3.3,0.7
Washington, TN,93.8,4.1,0.8
Wayne, TN,90.9,7.8,0.4
Weakley, TN,89,7.6,2.3
White, TN,96.5,1.9,0.4
Williamson, TN,90.8,5.4,2.6
Wilson, TN,90.7,7.1,0.9
TEXAS,,82.1,12,3.6
Anderson, TX,75,22.5,0.7
Andrews, TX,94.3,2.6,0.9
Angelina, TX,82.9,14.8,0.9
Aransas, TX,93,1.8,3.1
Archer, TX,96.4,1.4,0.1
Armstrong, TX,97.6,0.5,0
Atascosa, TX,96.3,1.4,0.7
Austin, TX,88.4,9.9,0.4
Bailey, TX,95.6,2,0.2
Bandera, TX,96.8,1,0.3
Bastrop, TX,88.7,8.4,0.7
Baylor, TX,92.8,4.1,1.2
Bee, TX,86.9,11,0.8
Bell, TX,69.7,22.1,2.8
Bexar, TX,86.8,7.8,2.2
Blanco, TX,96.5,1.4,0.2
Borden, TX,98,0.2,0
Bosque, TX,95.3,2.7,0.2
Bowie, TX,72.2,24.6,0.7
Brazoria, TX,81.6,11.4,4.9
Brazos, TX,83,10.9,4.2
Brewster, TX,93.8,2.9,0.4
Briscoe, TX,94.8,3.4,0.1
Brooks, TX,98.3,0.6,0.1
Brown, TX,93.5,4,0.6
Burleson, TX,84,13.9,0.3
Burnet, TX,95.7,2.2,0.5
Caldwell, TX,89.3,8,0.7
Calhoun, TX,91.3,2.9,4.2
Callahan, TX,95.4,2.1,0.5
Cameron, TX,96.8,1.3,0.6
Camp, TX,80.6,17,0.7
Carson, TX,95.8,1.8,0.1
Cass, TX,79.1,18.8,0.2
Castro, TX,94.1,3.2,0
Chambers, TX,86.8,10.8,1
Cherokee, TX,83,14.6,0.6
Childress, TX,81.6,16.1,0.5
Clay, TX,96,1.3,0.1
Cochran, TX,90.5,7.2,0.4
Coke, TX,96.1,1.8,0.2
Coleman, TX,94.6,2.9,0.5
Collin, TX,79,8.2,10.2
Collingsworth, TX,90,6.1,0.2
Colorado, TX,83.8,14.2,0.5
Comal, TX,95,2.5,0.9
Comanche, TX,96.6,1,0.6
Concho, TX,97.3,1.2,0.1
Cooke, TX,93.5,3.3,0.7
Coryell, TX,72.9,19.9,1.8
Cottle, TX,86.3,12.3,0
Crane, TX,94.1,3.9,0.4
Crockett, TX,96.7,1.1,0.3
Crosby, TX,92.9,4.9,0.2
Culberson, TX,96.7,1.3,1
Dallam, TX,94.6,2.4,0.4
Dallas, TX,72.2,20.8,4.7
Dawson, TX,88.6,9.7,0.5
Deaf Smith, TX,95.6,2.1,0.5
Delta, TX,89.2,7.9,0.2
Denton, TX,83.3,8.3,5.7
DeWitt, TX,86.8,11.4,0.3
Dickens, TX,88,9.8,0.2
Dimmit, TX,96.2,1.5,1
Donley, TX,91.8,5.9,0.1
Duval, TX,97.5,1.1,0.2
Eastland, TX,95.1,3.1,0.3
Ector, TX,92,4.9,0.8
Edwards, TX,94.2,3.5,0.4
Ellis, TX,87.2,10.2,0.7
El Paso, TX,92.3,3.8,1.2
Erath, TX,95.8,1.3,1
Falls, TX,71.5,26.7,0.2
Fannin, TX,89.3,7.6,0.4
Fayette, TX,91.7,6.9,0.3
Fisher, TX,94.2,4.3,0.2
Floyd, TX,92.9,4.6,0.3
Foard, TX,92.6,4.6,0.2
Fort Bend, TX,61.7,21.1,15.2
Franklin, TX,92.5,5.6,0.2
Freestone, TX,80.5,17.8,0.3
Frio, TX,92.4,5.6,0.7
Gaines, TX,95,2.9,0.2
Galveston, TX,80.8,14.3,2.9
Garza, TX,91.3,6.2,0.1
Gillespie, TX,98.2,0.6,0.2
Glasscock, TX,98.5,0.8,0
Goliad, TX,92.7,5.7,0.2
Gonzales, TX,89,8.2,0.4
Gray, TX,89.6,6.5,0.5
Grayson, TX,89.7,5.9,0.8
Gregg, TX,76.6,20.3,1
Grimes, TX,80.6,17.5,0.4
Guadalupe, TX,89.5,6.8,1.5
Hale, TX,91,6,0.6
Hall, TX,87.9,9.6,0.6
Hamilton, TX,97.6,0.8,0.2
Hansford, TX,97.3,0.3,0.6
Hardeman, TX,90.7,6.4,0.4
Hardin, TX,91.1,7.2,0.4
Harris, TX,73.2,18.8,5.8
Harrison, TX,75.4,22.4,0.6
Hartley, TX,91,7.2,0.3
Haskell, TX,93.3,4.3,0.2
Hays, TX,92,4.6,1.2
Hemphill, TX,96.4,1.6,0.3
Henderson, TX,91.4,6.5,0.4
Hidalgo, TX,96.5,1.3,0.9
Hill, TX,90.8,6.8,0.3
Hockley, TX,93.3,4,0.3
Hood, TX,96.3,1.4,0.5
Hopkins, TX,89.8,7.8,0.4
Houston, TX,72.6,25.9,0.4
Howard, TX,92.2,4.9,0.8
Hudspeth, TX,96.4,1,0.2
Hunt, TX,88.1,8.8,0.7
Hutchinson, TX,92.7,3.1,0.5
Irion, TX,95.2,3.2,0
Jack, TX,91.4,6.5,0.5
Jackson, TX,90.1,7.9,0.6
Jasper, TX,80.5,17.2,0.5
Jeff Davis, TX,97.8,1,0.1
Jefferson, TX,60.8,34.7,2.8
Jim Hogg, TX,97.9,0.6,0.2
Jim Wells, TX,97,1.1,0.7
Johnson, TX,93.1,3.9,0.8
Jones, TX,84.6,13.1,0.6
Karnes, TX,86.2,11.7,0.5
Kaufman, TX,86.2,10.8,0.9
Kendall, TX,96.6,1.4,0.5
Kenedy, TX,96.5,0.8,1.9
Kent, TX,99,0.4,0
Kerr, TX,95.5,2.1,0.6
Kimble, TX,97.9,0.4,0.6
King, TX,94.1,3.8,0
Kinney, TX,95.4,2.5,0.4
Kleberg, TX,91.4,4,2.1
Knox, TX,86.8,9.3,0.4
Lamar, TX,83.1,13.3,0.6
Lamb, TX,91.9,5.1,0.3
Lampasas, TX,92.3,4.1,1.1
La Salle, TX,94.8,4,0.4
Lavaca, TX,91.8,7,0.2
Lee, TX,86.9,11.3,0.3
Leon, TX,89.1,9.5,0.3
Liberty, TX,85.7,12.1,0.5
Limestone, TX,79.4,18.4,0.4
Lipscomb, TX,96.7,0.7,0.1
Live Oak, TX,95.1,3.3,0.4
Llano, TX,97.2,1.2,0.4
Loving, TX,100,0,0
Lubbock, TX,88.7,7.8,1.4
Lynn, TX,93.3,4.1,0.2
McCulloch, TX,96.4,2.4,0.3
McLennan, TX,81.5,14.9,1.5
McMullen, TX,97.5,1.2,1
Madison, TX,76.5,21.4,0.7
Marion, TX,75.5,21.3,0.3
Martin, TX,95.7,2,0.2
Mason, TX,98.4,0.2,0.1
Matagorda, TX,83.5,11.8,2.5
Maverick, TX,96.1,1,0.6
Medina, TX,94.8,2.9,0.5
Menard, TX,96.9,1.1,0.6
Midland, TX,89.9,7.1,1.2
Milam, TX,87.1,10.8,0.5
Mills, TX,97.4,1.5,0.1
Mitchell, TX,83.7,14.4,0.4
Montague, TX,96.6,1,0.3
Montgomery, TX,91,5.1,2
Moore, TX,93.3,2.6,1.9
Morris, TX,74.8,22.9,0.3
Motley, TX,93.6,4.3,0.2
Nacogdoches, TX,80.8,16.6,0.8
Navarro, TX,81.6,15.3,0.9
Newton, TX,76.8,20.6,0.7
Nolan, TX,91.9,5.5,0.6
Nueces, TX,91.9,4.4,1.4
Ochiltree, TX,96.3,0.6,0.7
Oldham, TX,93.5,3.6,0.5
Orange, TX,87.8,9.3,1
Palo Pinto, TX,94.6,2.6,0.7
Panola, TX,80.1,18,0.4
Parker, TX,94.8,2.7,0.6
Parmer, TX,94.8,2,0.7
Pecos, TX,92.8,4.8,0.7
Polk, TX,84.6,12,0.5
Potter, TX,84,10.3,2.7
Presidio, TX,97.8,1.2,0.2
Rains, TX,94.7,3.1,0.5
Randall, TX,93.5,2.8,1.6
Reagan, TX,94.3,4,0.3
Real, TX,97.5,0.3,0.2
Red River, TX,80.8,17,0.1
Reeves, TX,95.3,2.9,0.6
Refugio, TX,90.8,7.1,0.5
Roberts, TX,97.9,0.3,0.1
Robertson, TX,75.5,22.2,0.5
Rockwall, TX,89.3,6.5,2.5
Runnels, TX,95.5,2,0.5
Rusk, TX,79.8,18.1,0.5
Sabine, TX,89.1,9.3,0.2
San Augustine, TX,72.7,25.9,0.2
San Jacinto, TX,85.6,11.9,0.7
San Patricio, TX,94.4,2.4,0.8
San Saba, TX,95,3.2,0.2
Schleicher, TX,96.3,2.6,0.4
Scurry, TX,91.5,6.4,0.6
Shackelford, TX,97.7,1,0
Shelby, TX,79,18,0.3
Sherman, TX,97.1,0.8,0.2
Smith, TX,79.4,18,0.9
Somervell, TX,96.8,1.1,0.3
Starr, TX,98.2,0.8,0.4
Stephens, TX,94.2,3.7,0.6
Sterling, TX,99,0.1,0
Stonewall, TX,91.8,4.5,0.5
Sutton, TX,98.5,0.4,0.3
Swisher, TX,89.6,7.8,0.3
Tarrant, TX,78.4,14.4,4.3
Taylor, TX,88.5,7,1.5
Terrell, TX,96.8,0.1,0.8
Terry, TX,92.2,5.8,0.3
Throckmorton, TX,98.6,0.1,0.1
Titus, TX,87.1,10.1,0.8
Tom Green, TX,92.1,4.4,1
Travis, TX,83.1,8.8,5.5
Trinity, TX,86.8,11.2,0.4
Tyler, TX,86.2,11.8,0.2
Upshur, TX,88,9.6,0.4
Upton, TX,94.9,2.6,0
Uvalde, TX,96.4,1.2,0.7
Val Verde, TX,95.7,1.7,0.9
Van Zandt, TX,94.3,3.6,0.3
Victoria, TX,90.9,6.3,1.1
Walker, TX,74,23.4,0.9
Waller, TX,71.8,26,0.6
Ward, TX,90.9,6.5,0.4
Washington, TX,79.8,17.7,1.4
Webb, TX,97.6,0.8,0.6
Wharton, TX,83.3,14.7,0.6
Wheeler, TX,93.4,3.9,0.7
Wichita, TX,83.3,10.7,2.1
Wilbarger, TX,87.2,9.4,0.9
Willacy, TX,96,2.7,0.3
Williamson, TX,86.6,6.7,4.4
Wilson, TX,95.3,2.6,0.5
Winkler, TX,95.9,2.6,0.3
Wise, TX,95.6,1.9,0.4
Wood, TX,92.5,6,0.2
Yoakum, TX,96.5,2.1,0.2
Young, TX,95.3,2.1,0.3
Zapata, TX,98.4,0.6,0.3
Zavala, TX,97.6,1,0.2
UTAH,,92.7,1.4,2.1
Beaver, UT,95.9,0.3,0.7
Box Elder, UT,96.2,0.4,1
Cache, UT,95.1,0.8,2.1
Carbon, UT,96.1,0.6,0.6
Daggett, UT,96.6,1.1,0.1
Davis, UT,93.8,1.5,1.8
Duchesne, UT,92,0.3,0.2
Emery, UT,96.9,0.3,0.4
Garfield, UT,95.7,0.2,0.4
Grand, UT,92.8,0.3,0.2
Iron, UT,93.5,0.8,1.4
Juab, UT,97.5,0.2,0.3
Kane, UT,96.4,0.2,0.2
Millard, UT,96.2,0.3,0.6
Morgan, UT,98.3,0,0.2
Piute, UT,97.5,0.1,0.2
Rich, UT,99,0,0.4
Salt Lake, UT,90.3,2,3.2
San Juan, UT,41.5,1.5,0.6
Sanpete, UT,95.2,0.6,0.9
Sevier, UT,95.9,0.4,0.3
Summit, UT,96.4,0.6,1.5
Tooele, UT,93.7,1.6,1
Uintah, UT,88,0.7,0.4
Utah, UT,94.7,0.8,1.5
Wasatch, UT,95.8,0.4,0.8
Washington, UT,94.9,0.7,0.9
Wayne, UT,98.2,0.2,0.1
Weber, UT,94.1,1.7,1.4
VERMONT,,96.2,1,1.2
Addison, VT,96.7,0.7,0.9
Bennington, VT,97.1,0.8,1
Caledonia, VT,97.3,0.5,0.5
Chittenden, VT,93.9,1.9,2.6
Essex, VT,96.7,0.3,0.3
Franklin, VT,96.2,0.6,0.4
Grand Isle, VT,97.4,0.2,0.4
Lamoille, VT,97,0.6,0.6
Orange, VT,97.7,0.5,0.5
Orleans, VT,97.2,0.5,0.4
Rutland, VT,97.7,0.7,0.6
Washington, VT,96.9,0.7,0.8
Windham, VT,96.5,0.9,1
Windsor, VT,97.1,0.7,1
VIRGINIA,,72.8,20,5
Accomack, VA,70,28.3,0.3
Albemarle, VA,83.7,9.8,5
Alleghany, VA,92.7,5.6,0.4
Amelia, VA,75.4,23.3,0.3
Amherst, VA,78.5,19.2,0.4
Appomattox, VA,77,21.7,0.2
Arlington, VA,80.6,8.4,8.6
Augusta, VA,93.9,4.7,0.4
Bath, VA,90.7,7.7,0.4
Bedford, VA,91.2,6.8,0.8
Bland, VA,94.3,4.6,0.5
Botetourt, VA,93.5,4.8,0.8
Brunswick, VA,42.8,56.1,0.3
Buchanan, VA,95.8,3.4,0.3
Buckingham, VA,61.9,36.5,0.2
Campbell, VA,82.9,14.8,0.9
Caroline, VA,68.8,28,0.9
Carroll, VA,98.1,1,0.1
Charles City, VA,46.1,44.4,0.1
Charlotte, VA,68.2,30.6,0.2
Chesterfield, VA,72.5,22.2,3.3
Clarke, VA,91.8,6.2,0.9
Craig, VA,98.6,0.6,0.2
Culpeper, VA,79.6,16.8,1.7
Cumberland, VA,63.9,34,0.6
Dickenson, VA,97.8,1.4,0.1
Dinwiddie, VA,66,32.1,0.6
Essex, VA,58.3,38.4,1.1
Fairfax, VA,70.9,9.7,16.5
Fauquier, VA,87.3,9.1,1.6
Floyd, VA,96.7,2.3,0.1
Fluvanna, VA,80.8,17.2,0.5
Franklin, VA,89.6,8.9,0.4
Frederick, VA,92.5,4.7,1.3
Giles, VA,97.2,1.9,0.2
Gloucester, VA,87,9.9,0.7
Goochland, VA,76.8,21.2,1.1
Grayson, VA,96.4,2.5,0.1
Greene, VA,90.6,6.9,0.9
Greensville, VA,38.5,60.5,0.4
Halifax, VA,61.9,36.6,0.4
Hanover, VA,87.2,10.1,1.3
Henrico, VA,64.6,28.1,5.4
Henry, VA,76.1,22,0.6
Highland, VA,99,0.3,0.1
Isle of Wight, VA,73.2,24.7,0.7
James City, VA,82.3,13.9,2.1
King and Queen, VA,66.2,30.4,0.3
King George, VA,77.4,18.9,1.3
King William, VA,78.3,18.7,0.4
Lancaster, VA,71.5,27.1,0.5
Lee, VA,93.4,5.4,0.3
Loudoun, VA,75.8,8.3,13.1
Louisa, VA,79.6,18.5,0.4
Lunenburg, VA,61.7,36.5,0.2
Madison, VA,87.1,11.1,0.6
Mathews, VA,87.8,10.9,0.2
Mecklenburg, VA,61.2,37.1,0.6
Middlesex, VA,80.4,18.6,0.1
Montgomery, VA,89.3,4.4,4.4
Nelson, VA,84.8,13.2,0.2
New Kent, VA,82.3,14.7,0.6
Northampton, VA,60.5,38.3,0.2
Northumberland, VA,73.6,25.2,0.4
Nottoway, VA,59.7,38.9,0.4
Orange, VA,84,13.8,0.7
Page, VA,96.1,2.5,0.3
Patrick, VA,92.6,6,0.3
Pittsylvania, VA,75.4,23.4,0.3
Powhatan, VA,84.2,14.6,0.3
Prince Edward, VA,64.1,33.7,0.8
Prince George, VA,60.2,35.1,2.1
Prince William, VA,68.3,20.8,7.4
Pulaski, VA,92.1,6.2,0.4
Rappahannock, VA,92.2,5.8,0.2
Richmond, VA,65.7,32.8,0.5
Roanoke, VA,90.6,5.8,2.4
Rockbridge, VA,94.4,3.8,0.5
Rockingham, VA,96.6,2.1,0.5
Russell, VA,98.2,1.1,0.1
Scott, VA,97,2.2,0.1
Shenandoah, VA,96.2,2.1,0.6
Smyth, VA,96.6,2.2,0.2
Southampton, VA,58.4,40.6,0.2
Spotsylvania, VA,79.4,15.8,2.3
Stafford, VA,76.6,17.4,2.8
Surry, VA,52.3,46.2,0.2
Sussex, VA,40.8,57.9,0.3
Tazewell, VA,94.7,3.6,0.8
Warren, VA,91.9,5.4,0.8
Washington, VA,97.1,1.7,0.4
Westmoreland, VA,69.6,28.5,0.5
Wise, VA,92.9,5.6,0.5
Wythe, VA,95.4,3.2,0.5
York, VA,79,14.1,4.3
Alexandria, VA,69.6,22.4,5.8
Bedford, VA,77.4,19.8,0.9
Bristol, VA,91.8,6,0.5
Buena Vista, VA,92.5,5.7,0.5
Charlottesville, VA,73,20.5,4.2
Chesapeake, VA,65,30.2,2.5
Clifton Forge, VA,0,0,0
Colonial Heights, VA,82.7,12.9,2.8
Covington, VA,82.1,14.8,1
Danville, VA,52.1,45.7,1
Emporia, VA,41.2,57.4,0.7
Fairfax, VA,73.8,7.1,16.2
Falls Church, VA,83.6,5.2,8.3
Franklin, VA,44.6,53.3,1
Fredericksburg, VA,73.9,21.2,2.1
Galax, VA,90.7,6.9,0.8
Hampton, VA,47.1,47.8,2.1
Harrisonburg, VA,86.4,6.9,3.9
Hopewell, VA,57.9,38.6,1
Lexington, VA,86.6,9.4,2.5
Lynchburg, VA,68,28.1,2
Manassas, VA,79.4,13.6,4.3
Manassas Park, VA,77.8,12.6,6.7
Martinsville, VA,56.4,41.7,0.6
Newport News, VA,52,42.2,2.6
Norfolk, VA,49.1,44.5,3.1
Norton, VA,88.6,8.5,1.6
Petersburg, VA,19.5,77.8,1.2
Poquoson, VA,93.3,3.2,2.1
Portsmouth, VA,43.7,53,0.9
Radford, VA,86.8,8.5,2.8
Richmond, VA,44.5,51.8,1.6
Roanoke, VA,69.8,26.9,1.3
Salem, VA,90.7,7,1.2
South Boston, VA,0,0,0
Staunton, VA,85.7,11.6,0.6
Suffolk, VA,55.3,41.5,1.5
Virginia Beach, VA,70.6,20.1,5.7
Waynesboro, VA,86.1,11,0.8
Williamsburg, VA,79.8,13.1,4.9
Winchester, VA,85.1,10.7,1.9
WASHINGTON,,83.8,3.9,7
Adams, WA,92.8,1.2,1.3
Asotin, WA,95.6,0.4,0.6
Benton, WA,92.8,1.5,2.5
Chelan, WA,95.4,0.7,1.1
Clallam, WA,89.8,0.9,1.5
Clark, WA,89.7,2.2,4
Columbia, WA,95.6,0.5,0.7
Cowlitz, WA,93.4,0.9,1.5
Douglas, WA,94.4,1,1
Ferry, WA,78.5,0.2,0.3
Franklin, WA,92.6,2.7,2
Garfield, WA,97.2,0,0.8
Grant, WA,94.3,1.3,1.2
Grays Harbor, WA,89.6,0.6,1.6
Island, WA,89.7,1.9,4.3
Jefferson, WA,92.7,0.8,1.6
King, WA,74.5,6.5,14
Kitsap, WA,85.6,2.8,4.8
Kittitas, WA,92.3,1.1,3
Klickitat, WA,92.8,0.4,0.8
Lewis, WA,94.9,0.7,0.8
Lincoln, WA,95,0.3,0.3
Mason, WA,90,1.5,1.4
Okanogan, WA,84.8,0.7,0.8
Pacific, WA,92,0.4,2.2
Pend Oreille, WA,93.2,0.5,0.7
Pierce, WA,79.3,7.5,5.9
San Juan, WA,95.8,0.3,1.2
Skagit, WA,92.8,0.8,2.2
Skamania, WA,94.4,0.3,0.6
Snohomish, WA,83.8,2.6,8.5
Spokane, WA,91.4,1.9,2.2
Stevens, WA,90.2,0.5,0.6
Thurston, WA,85.9,3.2,5.1
Wahkiakum, WA,94.6,0.3,0.4
Walla Walla, WA,93.5,1.9,1.5
Whatcom, WA,89.6,1.1,3.8
Whitman, WA,86.5,2.5,7
Yakima, WA,89.4,1.7,1.5
WEST VIRGINIA,,94.4,3.7,0.7
Barbour, WV,96.9,0.8,0.4
Berkeley, WV,90.6,7.1,0.8
Boone, WV,98.1,0.9,0.2
Braxton, WV,97.7,0.8,0.1
Brooke, WV,97.2,1.3,0.5
Cabell, WV,92.5,4.9,1
Calhoun, WV,98.9,0.1,0.1
Clay, WV,98,0.2,0
Doddridge, WV,98.3,0.3,0.2
Fayette, WV,93,5,0.5
Gilmer, WV,96.7,1.1,0.8
Grant, WV,98.2,0.9,0.2
Greenbrier, WV,95.1,3,0.2
Hampshire, WV,97.4,1.4,0.2
Hancock, WV,95.8,2.7,0.4
Hardy, WV,96.8,2.1,0.1
Harrison, WV,96.2,1.9,0.8
Jackson, WV,98.3,0.4,0.4
Jefferson, WV,90.2,7.1,0.9
Kanawha, WV,88.9,8,1.2
Lewis, WV,98.3,0.3,0.3
Lincoln, WV,98.7,0.3,0.1
Logan, WV,96.1,2.7,0.3
McDowell, WV,87.8,10.9,0.1
Marion, WV,94.7,3.5,0.5
Marshall, WV,98.1,0.7,0.3
Mason, WV,98,0.7,0.3
Mercer, WV,92.2,6,0.6
Mineral, WV,95.7,2.9,0.3
Mingo, WV,96,2.5,0.3
Monongalia, WV,92.3,3.9,2.3
Monroe, WV,97.6,1.1,0.1
Morgan, WV,98,1,0.1
Nicholas, WV,98.3,0.5,0.2
Ohio, WV,93.7,3.9,1.1
Pendleton, WV,95.5,2.9,0.2
Pleasants, WV,97.5,1,0.4
Pocahontas, WV,97.9,1.1,0.2
Preston, WV,98.6,0.5,0.2
Putnam, WV,97.4,1.1,0.7
Raleigh, WV,89.8,8.3,0.7
Randolph, WV,97.5,1.3,0.5
Ritchie, WV,98.3,0.4,0.2
Roane, WV,98.2,0.4,0.4
Summers, WV,90.2,8.3,0.2
Taylor, WV,97.7,1.1,0.2
Tucker, WV,98.8,0.1,0
Tyler, WV,99,0.1,0.1
Upshur, WV,97.7,0.9,0.6
Wayne, WV,98.4,0.4,0.3
Webster, WV,98.9,0,0.3
Wetzel, WV,98.4,0.3,0.5
Wirt, WV,98.6,0.4,0.1
Wood, WV,96.6,1.5,0.7
Wyoming, WV,98.1,1,0.1
WISCONSIN,,89.4,6.2,2.2
Adams, WI,93.9,3.2,0.4
Ashland, WI,85.5,0.6,0.6
Barron, WI,97.3,0.4,0.5
Bayfield, WI,87.5,0.3,0.4
Brown, WI,91.6,1.9,2.5
Buffalo, WI,98.3,0.3,0.4
Burnett, WI,92.5,0.5,0.3
Calumet, WI,95.8,0.7,2.1
Chippewa, WI,97.4,0.4,0.9
Clark, WI,98,0.4,0.4
Columbia, WI,96.9,1.2,0.5
Crawford, WI,96.4,2.2,0.3
Dane, WI,88.5,4.7,4.6
Dodge, WI,95.4,3,0.4
Door, WI,97.7,0.4,0.4
Douglas, WI,94.7,0.7,0.9
Dunn, WI,95.7,0.5,2.3
Eau Claire, WI,94.3,0.8,2.8
Florence, WI,97.9,0.3,0.3
Fond du Lac, WI,96.2,1.4,1
Forest, WI,84.2,1.5,0.2
Grant, WI,97.2,1.1,0.8
Green, WI,97.8,0.6,0.4
Green Lake, WI,98,0.5,0.5
Iowa, WI,98.1,0.5,0.5
Iron, WI,97.6,0.2,0.2
Jackson, WI,89.9,2.5,0.2
Jefferson, WI,97.4,0.7,0.5
Juneau, WI,94.3,2.6,0.5
Kenosha, WI,90.3,6.1,1.5
Kewaunee, WI,98.3,0.4,0.2
La Crosse, WI,93.5,1.3,3.5
Lafayette, WI,98.6,0.4,0.2
Langlade, WI,97.3,0.4,0.3
Lincoln, WI,97.3,0.6,0.6
Manitowoc, WI,95.5,0.7,2.4
Marathon, WI,92.9,0.6,5.1
Marinette, WI,97.6,0.4,0.4
Marquette, WI,97.5,0.7,0.3
Menominee, WI,16,1.8,0.4
Milwaukee, WI,68.3,25.7,3.2
Monroe, WI,96.4,0.9,0.5
Oconto, WI,97.2,0.5,0.3
Oneida, WI,97.3,0.6,0.4
Outagamie, WI,93.8,0.9,2.6
Ozaukee, WI,95.7,1.6,1.5
Pepin, WI,98.6,0.2,0.2
Pierce, WI,97.4,0.5,0.8
Polk, WI,97.2,0.4,0.3
Portage, WI,95.3,0.6,2.6
Price, WI,97.8,0.2,0.4
Racine, WI,86.3,10.7,0.9
Richland, WI,98,0.5,0.3
Rock, WI,92.5,4.5,1.1
Rusk, WI,97.7,0.5,0.3
St. Croix, WI,96.8,0.7,1.3
Sauk, WI,97.1,0.5,0.4
Sawyer, WI,81,0.5,0.3
Shawano, WI,90.2,0.5,0.4
Sheboygan, WI,92.9,1.5,4.1
Taylor, WI,98.2,0.3,0.5
Trempealeau, WI,98.3,0.4,0.3
Vernon, WI,98.7,0.2,0.3
Vilas, WI,88.3,0.6,0.4
Walworth, WI,96.9,1,1
Washburn, WI,96.7,0.4,0.2
Washington, WI,96.7,1.2,1.1
Waukesha, WI,94.6,1.5,2.6
Waupaca, WI,98,0.4,0.3
Waushara, WI,97.3,0.8,0.4
Winnebago, WI,94.7,1.6,2.1
Wood, WI,95.9,0.6,1.8
WYOMING,,93.5,1.4,0.8
Albany, WY,93,1.5,2.3
Big Horn, WY,96.1,0.2,1.7
Campbell, WY,95.7,0.7,0.7
Carbon, WY,95.2,1,0.9
Converse, WY,96.7,0.3,0.3
Crook, WY,98,0.2,0.1
Fremont, WY,76.1,1,0.5
Goshen, WY,97.4,0.3,0.2
Hot Springs, WY,95.6,0.5,0.3
Johnson, WY,97.8,0.1,0.1
Laramie, WY,90.4,4.3,1.4
Lincoln, WY,97.6,0.3,0.2
Natrona, WY,94.7,1.6,0.7
Niobrara, WY,98.2,0.3,0.1
Park, WY,97.3,0.3,0.7
Platte, WY,97.6,0.3,0.2
Sheridan, WY,96.2,0.4,0.4
Sublette, WY,97.7,0.5,0.2
Sweetwater, WY,94.5,1.5,0.8
Teton, WY,96.9,0.6,0.8
Uinta, WY,96.8,0.3,0.4
Washakie, WY,96.6,0.2,0.8
Weston, WY,96.4,0.3,0.2
